,seq_original,original_seq,methy_site_number,Pre_lable,negative_probably,positive_probably
0,locus:(SGIP1),GAGGGCGAACAGTGGTTTATCCTGGCAGCTTCAAAACCCTG,1,0.0,0.9999828067692843,1.1972405693747781e-05
1,locus:(SGIP1),AGGGCGAACAGTGGTTTATCCTGGCAGCTTCAAAACCCTGG,2,0.0,0.9996226917613636,0.00032414360479875046
2,locus:(SGIP1),CGAACAGTGGTTTATCCTGGCAGCTTCAAAACCCTGGGCTC,3,0.0,0.9999994689768011,8.53430141102184e-07
3,locus:(SGIP1),ACAGTGGTTTATCCTGGCAGCTTCAAAACCCTGGGCTCCGC,4,0.0,0.9999989596280184,9.888952428644353e-07
4,locus:(SGIP1),GTGGTTTATCCTGGCAGCTTCAAAACCCTGGGCTCCGCCAC,5,0.0,0.9999994906512174,4.3348832563920453e-07
5,locus:(SGIP1),TTATCCTGGCAGCTTCAAAACCCTGGGCTCCGCCACAACCA,6,0.0,0.9999996586279436,2.9260461980646307e-07
6,locus:(SGIP1),TATCCTGGCAGCTTCAAAACCCTGGGCTCCGCCACAACCAG,7,0.0,0.9999998807907104,8.940696716308594e-08
7,locus:(SGIP1),ATCCTGGCAGCTTCAAAACCCTGGGCTCCGCCACAACCAGG,8,0.0,0.9998484091325239,0.00018054517832669345
8,locus:(SGIP1),GGCAGCTTCAAAACCCTGGGCTCCGCCACAACCAGGCACAA,9,0.0,0.9999999566511675,4.063953052867542e-08
9,locus:(SGIP1),CAGCTTCAAAACCCTGGGCTCCGCCACAACCAGGCACAACT,10,0.0,0.9999999024651267,1.1920928955078125e-07
10,locus:(SGIP1),AGCTTCAAAACCCTGGGCTCCGCCACAACCAGGCACAACTG,11,0.0,0.4818780611861836,0.5175051201473583
11,locus:(SGIP1),CTTCAAAACCCTGGGCTCCGCCACAACCAGGCACAACTGCC,12,0.0,0.9999991276047446,1.232732426036488e-06
12,locus:(SGIP1),TTCAAAACCCTGGGCTCCGCCACAACCAGGCACAACTGCCT,13,0.0,0.9999962882562117,4.470348358154297e-06
13,locus:(SGIP1),CAAAACCCTGGGCTCCGCCACAACCAGGCACAACTGCCTCC,14,0.0,0.9999347437511791,5.898963321339e-05
14,locus:(SGIP1),AACCCTGGGCTCCGCCACAACCAGGCACAACTGCCTCCCTC,15,0.0,0.9999996748837557,2.5467439131303266e-07
15,locus:(SGIP1),ACCCTGGGCTCCGCCACAACCAGGCACAACTGCCTCCCTCC,16,0.0,0.9999641071666371,4.295598376880992e-05
16,locus:(SGIP1),TGGGCTCCGCCACAACCAGGCACAACTGCCTCCCTCCAGGT,17,0.0,0.9998669299212369,0.00010880015113136984
17,locus:(SGIP1),GGCTCCGCCACAACCAGGCACAACTGCCTCCCTCCAGGTTT,18,0.0,0.999999539418654,3.84720889004794e-07
18,locus:(SGIP1),TCCGCCACAACCAGGCACAACTGCCTCCCTCCAGGTTTCCA,19,0.0,0.9999999566511675,4.8767436634410514e-08
19,locus:(SGIP1),GCCACAACCAGGCACAACTGCCTCCCTCCAGGTTTCCACTT,20,0.0,0.9999892549081282,7.995150306008078e-06
20,locus:(SGIP1),CCACAACCAGGCACAACTGCCTCCCTCCAGGTTTCCACTTG,21,0.0,0.9999985044652765,1.240860332142223e-06
21,locus:(SGIP1),ACAACCAGGCACAACTGCCTCCCTCCAGGTTTCCACTTGGG,22,0.0,0.9999999783255837,2.1674416281960228e-08
22,locus:(SGIP1),CAACCAGGCACAACTGCCTCCCTCCAGGTTTCCACTTGGGT,23,0.0,0.9999825954437256,1.3684684580022639e-05
23,locus:(SGIP1),AACCAGGCACAACTGCCTCCCTCCAGGTTTCCACTTGGGTG,24,0.0,0.9998054829510775,0.00020043145526539195
24,locus:(SGIP1),CCAGGCACAACTGCCTCCCTCCAGGTTTCCACTTGGGTGAA,25,0.0,0.9999941045587714,5.047429691661488e-06
25,locus:(SGIP1),CAGGCACAACTGCCTCCCTCCAGGTTTCCACTTGGGTGAAT,26,0.0,0.9994805997068231,0.00047420371662486684
26,locus:(SGIP1),AACTGCCTCCCTCCAGGTTTCCACTTGGGTGAATGAATAGG,27,0.0,0.9999970251863654,4.28882512179288e-06
27,locus:(SGIP1),ACTGCCTCCCTCCAGGTTTCCACTTGGGTGAATGAATAGGC,28,0.0,0.9999949661168185,4.77920879017223e-06
28,locus:(SGIP1),TGCCTCCCTCCAGGTTTCCACTTGGGTGAATGAATAGGCTT,29,0.0,0.9999930154193531,5.70579008622603e-06
29,locus:(SGIP1),CACTTGGGTGAATGAATAGGCTTGAAGGCGACTCCAGATGC,30,0.0,0.9999998320232738,2.2487206892533737e-07
30,locus:(SGIP1),TGAATGAATAGGCTTGAAGGCGACTCCAGATGCAGGAGGCG,31,0.0,0.6490359685637734,0.35131916945630853
31,locus:(SGIP1),ATGAATAGGCTTGAAGGCGACTCCAGATGCAGGAGGCGCGT,32,0.0,0.9999997886744413,1.7610463229092685e-07
32,locus:(SGIP1),GAATAGGCTTGAAGGCGACTCCAGATGCAGGAGGCGCGTCG,33,0.0,0.9999868111176924,1.1368231339888139e-05
33,locus:(SGIP1),AATAGGCTTGAAGGCGACTCCAGATGCAGGAGGCGCGTCGC,34,0.0,0.9999972148375078,2.7011741291392934e-06
34,locus:(SGIP1),CTTGAAGGCGACTCCAGATGCAGGAGGCGCGTCGCGGAGAA,35,0.0,0.9998771006410773,0.00013211369514465332
35,locus:(SGIP1),GCGACTCCAGATGCAGGAGGCGCGTCGCGGAGAAACGTGTC,36,1.0,0.3217061920599504,0.6761997450481761
36,locus:(SGIP1),GACTCCAGATGCAGGAGGCGCGTCGCGGAGAAACGTGTCAT,37,0.0,0.6602236411788247,0.3361760106953708
37,locus:(SGIP1),TCCAGATGCAGGAGGCGCGTCGCGGAGAAACGTGTCATTTA,38,0.0,0.48146989941596985,0.5149967968463898
38,locus:(SGIP1),CAGATGCAGGAGGCGCGTCGCGGAGAAACGTGTCATTTAGG,39,1.0,0.2570961767976934,0.7420973831957037
39,locus:(SGIP1),GGAGGCGCGTCGCGGAGAAACGTGTCATTTAGGAGAAAGTT,40,0.0,0.3618844314055009,0.6359450139782645
40,locus:(SGIP1),CGCGTCGCGGAGAAACGTGTCATTTAGGAGAAAGTTTGTTT,41,0.0,0.9999894120476462,9.252266450361772e-06
41,locus:(SGIP1),ATTTAGGAGAAAGTTTGTTTCCTACAGAGACTGCAGTTGGC,42,0.0,0.9999726035378196,2.9013915495439008e-05
42,locus:(SGIP1),TTTAGGAGAAAGTTTGTTTCCTACAGAGACTGCAGTTGGCA,43,0.0,0.9997382976792075,0.00020442767576737836
43,locus:(SGIP1),AGGAGAAAGTTTGTTTCCTACAGAGACTGCAGTTGGCAGCT,44,0.0,0.9999955784190785,3.6819414658979936e-06
44,locus:(SGIP1),AAGTTTGTTTCCTACAGAGACTGCAGTTGGCAGCTGCAGCC,45,0.0,0.9999997832558372,1.625581221147017e-07
45,locus:(SGIP1),TTTGTTTCCTACAGAGACTGCAGTTGGCAGCTGCAGCCCCA,46,0.0,0.9999949769540266,4.0314414284446025e-06
46,locus:(SGIP1),CCTACAGAGACTGCAGTTGGCAGCTGCAGCCCCAGTCGGTT,47,0.0,0.9999998482790861,1.1108138344504616e-07
47,locus:(SGIP1),ACAGAGACTGCAGTTGGCAGCTGCAGCCCCAGTCGGTTGCG,48,0.0,0.9999926632100885,7.68899917602539e-06
48,locus:(SGIP1),GAGACTGCAGTTGGCAGCTGCAGCCCCAGTCGGTTGCGAGA,49,0.0,0.9999965916980397,4.088336771184748e-06
49,locus:(SGIP1),ACTGCAGTTGGCAGCTGCAGCCCCAGTCGGTTGCGAGAAAA,50,0.0,0.9999999620697715,7.58604569868608e-08
50,locus:(SGIP1),CTGCAGTTGGCAGCTGCAGCCCCAGTCGGTTGCGAGAAAAG,51,0.0,0.9999951991167936,5.857511000199751e-06
51,locus:(SGIP1),TGCAGTTGGCAGCTGCAGCCCCAGTCGGTTGCGAGAAAAGC,52,0.0,0.9999956813725558,5.3725459358908916e-06
52,locus:(SGIP1),GCAGTTGGCAGCTGCAGCCCCAGTCGGTTGCGAGAAAAGCT,53,0.0,0.999998005953702,2.5142322887073862e-06
53,locus:(SGIP1),TTGGCAGCTGCAGCCCCAGTCGGTTGCGAGAAAAGCTCCCC,54,0.0,0.43020956353707746,0.568386896090074
54,locus:(SGIP1),GCTGCAGCCCCAGTCGGTTGCGAGAAAAGCTCCCCACCTGG,55,0.0,0.4034698686816476,0.5949655771255493
55,locus:(SGIP1),CCAGTCGGTTGCGAGAAAAGCTCCCCACCTGGGGAAGCGAG,56,0.0,0.9999998103488575,1.4088370583274148e-07
56,locus:(SGIP1),AGTCGGTTGCGAGAAAAGCTCCCCACCTGGGGAAGCGAGGC,57,0.0,0.9999400106343356,4.509904167868874e-05
57,locus:(SGIP1),GTCGGTTGCGAGAAAAGCTCCCCACCTGGGGAAGCGAGGCC,58,0.0,0.9999924573031339,6.887045773592862e-06
58,locus:(SGIP1),TCGGTTGCGAGAAAAGCTCCCCACCTGGGGAAGCGAGGCCG,59,0.0,0.9999719370495189,2.5784427469426934e-05
59,locus:(SGIP1),CGGTTGCGAGAAAAGCTCCCCACCTGGGGAAGCGAGGCCGC,60,0.0,0.999995925209739,4.982406442815607e-06
60,locus:(SGIP1),GTTGCGAGAAAAGCTCCCCACCTGGGGAAGCGAGGCCGCTC,61,0.0,0.9999931779774752,5.410476164384321e-06
61,locus:(SGIP1),TTGCGAGAAAAGCTCCCCACCTGGGGAAGCGAGGCCGCTCC,62,0.0,0.9960442727262323,0.0036617788401517
62,locus:(SGIP1),AAGCTCCCCACCTGGGGAAGCGAGGCCGCTCCCGTGTGCGC,63,0.0,0.3748513839461587,0.6230148591778495
63,locus:(SGIP1),CCCCACCTGGGGAAGCGAGGCCGCTCCCGTGTGCGCTCGGC,64,0.0,0.999991162256761,5.6651505556973545e-06
64,locus:(SGIP1),CCCACCTGGGGAAGCGAGGCCGCTCCCGTGTGCGCTCGGCG,65,1.0,0.13610014861280267,0.8630000027743253
65,locus:(SGIP1),CACCTGGGGAAGCGAGGCCGCTCCCGTGTGCGCTCGGCGGG,66,0.0,0.9999949552796104,5.418604070490057e-06
66,locus:(SGIP1),CCTGGGGAAGCGAGGCCGCTCCCGTGTGCGCTCGGCGGGGA,67,0.0,0.9999935085123236,6.15282492204146e-06
67,locus:(SGIP1),CTGGGGAAGCGAGGCCGCTCCCGTGTGCGCTCGGCGGGGAG,68,0.0,0.9997913187200372,0.00014606118202209473
68,locus:(SGIP1),TGGGGAAGCGAGGCCGCTCCCGTGTGCGCTCGGCGGGGAGG,69,1.0,0.11858139796690507,0.8813205144622109
69,locus:(SGIP1),AGCGAGGCCGCTCCCGTGTGCGCTCGGCGGGGAGGACGCGG,70,0.0,0.35709828951142053,0.6424726789647882
70,locus:(SGIP1),CGAGGCCGCTCCCGTGTGCGCTCGGCGGGGAGGACGCGGTG,71,0.0,0.9999839067459106,1.619620756669478e-05
71,locus:(SGIP1),AGGCCGCTCCCGTGTGCGCTCGGCGGGGAGGACGCGGTGGC,72,1.0,0.10943564772605896,0.8908948356455023
72,locus:(SGIP1),CCGCTCCCGTGTGCGCTCGGCGGGGAGGACGCGGTGGCGGC,73,1.0,0.19479875672947278,0.8045593500137329
73,locus:(SGIP1),TGTGCGCTCGGCGGGGAGGACGCGGTGGCGGCGGGACTCGA,74,1.0,0.26713877374475653,0.7322525652972135
74,locus:(SGIP1),TGCGCTCGGCGGGGAGGACGCGGTGGCGGCGGGACTCGAAC,75,1.0,0.18134937503121115,0.8173261068084023
75,locus:(SGIP1),CGGCGGGGAGGACGCGGTGGCGGCGGGACTCGAACTCGGTC,76,1.0,0.2601308416236531,0.7394686449657787
76,locus:(SGIP1),CGGGGAGGACGCGGTGGCGGCGGGACTCGAACTCGGTCGTC,77,1.0,0.2718815234574405,0.7281361709941517
77,locus:(SGIP1),AGGACGCGGTGGCGGCGGGACTCGAACTCGGTCGTCGAAGG,78,0.0,0.9999808452346108,1.8778172406283293e-05
78,locus:(SGIP1),GACGCGGTGGCGGCGGGACTCGAACTCGGTCGTCGAAGGGC,79,1.0,0.22827015681700272,0.7710930109024048
79,locus:(SGIP1),CGGTGGCGGCGGGACTCGAACTCGGTCGTCGAAGGGCGCCC,80,0.0,0.9981903596357866,0.0016285045580430465
80,locus:(SGIP1),GTGGCGGCGGGACTCGAACTCGGTCGTCGAAGGGCGCCCCG,81,1.0,0.1153681142763658,0.8840906620025635
81,locus:(SGIP1),CGGCGGGACTCGAACTCGGTCGTCGAAGGGCGCCCCGCAGG,82,1.0,0.23559188571843234,0.7638925422321666
82,locus:(SGIP1),CGGGACTCGAACTCGGTCGTCGAAGGGCGCCCCGCAGGGTC,83,0.0,0.4129416915503415,0.5867167684164915
83,locus:(SGIP1),CGAACTCGGTCGTCGAAGGGCGCCCCGCAGGGTCCCGTCTG,84,0.0,0.391242653131485,0.6095166477290067
84,locus:(SGIP1),AACTCGGTCGTCGAAGGGCGCCCCGCAGGGTCCCGTCTGTA,85,0.0,0.9999996315349232,3.332441503351385e-07
85,locus:(SGIP1),ACTCGGTCGTCGAAGGGCGCCCCGCAGGGTCCCGTCTGTAG,86,0.0,0.9999956109307029,4.654580896550959e-06
86,locus:(SGIP1),CTCGGTCGTCGAAGGGCGCCCCGCAGGGTCCCGTCTGTAGC,87,0.0,0.9995739730921659,0.00034389712593772197
87,locus:(SGIP1),TCGGTCGTCGAAGGGCGCCCCGCAGGGTCCCGTCTGTAGCC,88,1.0,0.10074436122720892,0.8989910916848616
88,locus:(SGIP1),GGTCGTCGAAGGGCGCCCCGCAGGGTCCCGTCTGTAGCCCG,89,0.0,0.9999770359559492,2.4210322986949574e-05
89,locus:(SGIP1),CGAAGGGCGCCCCGCAGGGTCCCGTCTGTAGCCCGGACGGC,90,0.0,0.9999990571628917,8.317557248202238e-07
90,locus:(SGIP1),GAAGGGCGCCCCGCAGGGTCCCGTCTGTAGCCCGGACGGCG,91,0.0,0.968421296639876,0.0334451442415064
91,locus:(SGIP1),AAGGGCGCCCCGCAGGGTCCCGTCTGTAGCCCGGACGGCGA,92,1.0,0.08127581260421059,0.9185646989128806
92,locus:(SGIP1),GGCGCCCCGCAGGGTCCCGTCTGTAGCCCGGACGGCGAGCC,93,0.0,0.9963311986489729,0.0033157413656061344
93,locus:(SGIP1),CCGCAGGGTCCCGTCTGTAGCCCGGACGGCGAGCCCAGGTT,94,0.0,0.9999269843101501,7.333538749001242e-05
94,locus:(SGIP1),CGCAGGGTCCCGTCTGTAGCCCGGACGGCGAGCCCAGGTTG,95,0.0,0.9984492226080461,0.0016706856814297762
95,locus:(SGIP1),GCAGGGTCCCGTCTGTAGCCCGGACGGCGAGCCCAGGTTGG,96,1.0,0.03910167921673168,0.961004148830067
96,locus:(SGIP1),GGTCCCGTCTGTAGCCCGGACGGCGAGCCCAGGTTGGAGTG,97,1.0,0.21876234087077054,0.7818944345821034
97,locus:(SGIP1),CCCGTCTGTAGCCCGGACGGCGAGCCCAGGTTGGAGTGGGA,98,0.0,0.6759251518683,0.3258402672680942
98,locus:(SGIP1),TCTGTAGCCCGGACGGCGAGCCCAGGTTGGAGTGGGAGGGA,99,0.0,0.9999989108605818,7.260929454456676e-07
99,locus:(SGIP1),CTGTAGCCCGGACGGCGAGCCCAGGTTGGAGTGGGAGGGAG,100,0.0,0.969177945093675,0.03284200213172219
100,locus:(SGIP1),TGTAGCCCGGACGGCGAGCCCAGGTTGGAGTGGGAGGGAGC,101,0.0,0.9999298561703075,8.410486308011141e-05
101,locus:(SGIP1),CAGGTTGGAGTGGGAGGGAGCCGGCGTGCACAGCTGTCTTT,102,0.0,0.9999917149543762,9.56925478848544e-06
102,locus:(SGIP1),AGGTTGGAGTGGGAGGGAGCCGGCGTGCACAGCTGTCTTTG,103,1.0,0.07561048594388095,0.9240320162339644
103,locus:(SGIP1),TTGGAGTGGGAGGGAGCCGGCGTGCACAGCTGTCTTTGGTC,104,1.0,0.37558423389088025,0.6251098351045088
104,locus:(SGIP1),AGTGGGAGGGAGCCGGCGTGCACAGCTGTCTTTGGTCGGGC,105,0.0,0.9998986016620289,0.00011176683685996316
105,locus:(SGIP1),TGGGAGGGAGCCGGCGTGCACAGCTGTCTTTGGTCGGGCTC,106,0.0,0.9999994798140093,6.448138843883168e-07
106,locus:(SGIP1),GAGGGAGCCGGCGTGCACAGCTGTCTTTGGTCGGGCTCAGG,107,0.0,0.9999402111226862,4.991888999938965e-05
107,locus:(SGIP1),GAGCCGGCGTGCACAGCTGTCTTTGGTCGGGCTCAGGCTTC,108,0.0,0.9999822269786488,1.4091079885309393e-05
108,locus:(SGIP1),CGTGCACAGCTGTCTTTGGTCGGGCTCAGGCTTCCGCTCCC,109,1.0,0.2344128354029222,0.764719919724898
109,locus:(SGIP1),CACAGCTGTCTTTGGTCGGGCTCAGGCTTCCGCTCCCTGCC,110,0.0,0.9999995014884255,7.775696841153231e-07
110,locus:(SGIP1),CAGCTGTCTTTGGTCGGGCTCAGGCTTCCGCTCCCTGCCTG,111,0.0,0.9999983690001748,1.6770579598166726e-06
111,locus:(SGIP1),TGTCTTTGGTCGGGCTCAGGCTTCCGCTCCCTGCCTGCTCC,112,0.0,0.99990529905666,8.544054898348722e-05
112,locus:(SGIP1),CTTTGGTCGGGCTCAGGCTTCCGCTCCCTGCCTGCTCCCCT,113,0.0,0.9999964128841053,2.885406667535955e-06
113,locus:(SGIP1),TTTGGTCGGGCTCAGGCTTCCGCTCCCTGCCTGCTCCCCTT,114,1.0,0.10718176581642845,0.8918043862689625
114,locus:(SGIP1),TGGTCGGGCTCAGGCTTCCGCTCCCTGCCTGCTCCCCTTTC,115,0.0,0.9999938390471719,6.209720264781605e-06
115,locus:(SGIP1),GTCGGGCTCAGGCTTCCGCTCCCTGCCTGCTCCCCTTTCCA,116,0.0,0.9753102335062894,0.02426224946975708
116,locus:(SGIP1),TCGGGCTCAGGCTTCCGCTCCCTGCCTGCTCCCCTTTCCAG,117,0.0,0.999999772418629,2.682209014892578e-07
117,locus:(SGIP1),CGGGCTCAGGCTTCCGCTCCCTGCCTGCTCCCCTTTCCAGC,118,0.0,0.9999962936748158,3.5112554376775567e-06
118,locus:(SGIP1),GCTCAGGCTTCCGCTCCCTGCCTGCTCCCCTTTCCAGCCTC,119,0.0,0.9999990517442877,8.778138594193892e-07
119,locus:(SGIP1),CTCAGGCTTCCGCTCCCTGCCTGCTCCCCTTTCCAGCCTCC,120,0.0,0.9999967380003496,4.1452321139248935e-06
120,locus:(SGIP1),AGGCTTCCGCTCCCTGCCTGCTCCCCTTTCCAGCCTCCCGC,121,0.0,0.9999984773722562,1.3952905481511897e-06
121,locus:(SGIP1),GCTTCCGCTCCCTGCCTGCTCCCCTTTCCAGCCTCCCGCCC,122,0.0,0.9999998862093146,1.1649998751553622e-07
122,locus:(SGIP1),CTTCCGCTCCCTGCCTGCTCCCCTTTCCAGCCTCCCGCCCC,123,0.0,0.9996336752718146,0.0003880695863203569
123,locus:(SGIP1),TTCCGCTCCCTGCCTGCTCCCCTTTCCAGCCTCCCGCCCCA,124,0.0,0.9999955513260581,4.475766962224787e-06
124,locus:(SGIP1),TCCGCTCCCTGCCTGCTCCCCTTTCCAGCCTCCCGCCCCAG,125,0.0,0.9999997615814209,2.1132555874911221e-07
125,locus:(SGIP1),CTCCCTGCCTGCTCCCCTTTCCAGCCTCCCGCCCCAGAAAC,126,0.0,0.9999991330233488,5.71662729436701e-07
126,locus:(SGIP1),TCCCTGCCTGCTCCCCTTTCCAGCCTCCCGCCCCAGAAACG,127,0.0,0.9995626482096586,0.000542218034917658
127,locus:(SGIP1),CTGCCTGCTCCCCTTTCCAGCCTCCCGCCCCAGAAACGATC,128,0.0,0.9999995177442377,5.147673866965554e-07
128,locus:(SGIP1),TGCCTGCTCCCCTTTCCAGCCTCCCGCCCCAGAAACGATCT,129,0.0,0.9999995665116743,3.6846507679332385e-07
129,locus:(SGIP1),CCTGCTCCCCTTTCCAGCCTCCCGCCCCAGAAACGATCTCG,130,0.0,0.9999823841181669,1.1899254538796164e-05
130,locus:(SGIP1),CTGCTCCCCTTTCCAGCCTCCCGCCCCAGAAACGATCTCGA,131,0.0,0.9132484143430536,0.08598913116888567
131,locus:(SGIP1),TGCTCCCCTTTCCAGCCTCCCGCCCCAGAAACGATCTCGAG,132,0.0,0.4096812822602012,0.5899877710775896
132,locus:(SGIP1),CTCCCCTTTCCAGCCTCCCGCCCCAGAAACGATCTCGAGCG,133,0.0,0.9999984394420277,1.6066161069003018e-06
133,locus:(SGIP1),TCCCCTTTCCAGCCTCCCGCCCCAGAAACGATCTCGAGCGT,134,0.0,0.9999995610930703,3.549185666170987e-07
134,locus:(SGIP1),CCCCTTTCCAGCCTCCCGCCCCAGAAACGATCTCGAGCGTT,135,0.0,0.9999998374418779,1.1108138344504616e-07
135,locus:(SGIP1),CCCTTTCCAGCCTCCCGCCCCAGAAACGATCTCGAGCGTTG,136,0.0,0.9999999783255837,1.3546510176225142e-08
136,locus:(SGIP1),CCAGCCTCCCGCCCCAGAAACGATCTCGAGCGTTGCCAGTT,137,0.0,0.30770606886256824,0.6914528418671001
137,locus:(SGIP1),CCTCCCGCCCCAGAAACGATCTCGAGCGTTGCCAGTTTGAT,138,0.0,0.9999951666051691,4.901127381758257e-06
138,locus:(SGIP1),TCCCGCCCCAGAAACGATCTCGAGCGTTGCCAGTTTGATTC,139,1.0,0.15068792213093152,0.8478021350773898
139,locus:(SGIP1),GCCCCAGAAACGATCTCGAGCGTTGCCAGTTTGATTCCAGA,140,0.0,0.43569414994933386,0.5640816742723639
140,locus:(SGIP1),AGAAACGATCTCGAGCGTTGCCAGTTTGATTCCAGAGCCCC,141,0.0,0.9999991709535773,6.962906230579723e-07
141,locus:(SGIP1),GAAACGATCTCGAGCGTTGCCAGTTTGATTCCAGAGCCCCA,142,0.0,0.9978785189715299,0.002265290780500932
142,locus:(SGIP1),CGAGCGTTGCCAGTTTGATTCCAGAGCCCCACTCGGGTGGG,143,0.0,0.9999861771410162,1.1148777875033291e-05
143,locus:(SGIP1),GAGCGTTGCCAGTTTGATTCCAGAGCCCCACTCGGGTGGGT,144,0.0,0.9967055049809542,0.0033435144207694316
144,locus:(SGIP1),TTGCCAGTTTGATTCCAGAGCCCCACTCGGGTGGGTTCTTT,145,0.0,0.9999797235835682,1.6537579623135652e-05
145,locus:(SGIP1),TGCCAGTTTGATTCCAGAGCCCCACTCGGGTGGGTTCTTTT,146,0.0,0.9999958981167186,2.8908252716064453e-06
146,locus:(SGIP1),GCCAGTTTGATTCCAGAGCCCCACTCGGGTGGGTTCTTTTG,147,0.0,0.9994679906151511,0.00047143751924688166
147,locus:(SGIP1),CCAGTTTGATTCCAGAGCCCCACTCGGGTGGGTTCTTTTGT,148,0.0,0.9999999566511675,4.3348832563920456e-08
148,locus:(SGIP1),AGTTTGATTCCAGAGCCCCACTCGGGTGGGTTCTTTTGTTT,149,0.0,0.9999874938618053,1.4218417080965908e-05
149,locus:(SGIP1),TTTGATTCCAGAGCCCCACTCGGGTGGGTTCTTTTGTTTCT,150,1.0,0.23774812980131668,0.7602217739278619
150,locus:(SGIP1),GAGCCCCACTCGGGTGGGTTCTTTTGTTTCTTTGTTTTAAT,151,0.0,0.9996573383157904,0.00028378313237970525
151,locus:(SGIP1),TCGGGTGGGTTCTTTTGTTTCTTTGTTTTAATGACAGTTCC,152,0.0,0.9999525167725303,3.913857720114968e-05
152,locus:(SGIP1),TTGTTTCTTTGTTTTAATGACAGTTCCCAGCCCTTCAGCAT,153,0.0,0.9999999783255837,3.251162442294034e-08
153,locus:(SGIP1),TCTTTGTTTTAATGACAGTTCCCAGCCCTTCAGCATGTCAT,154,0.0,0.999998618255962,1.1975114995783025e-06
154,locus:(SGIP1),CTTTGTTTTAATGACAGTTCCCAGCCCTTCAGCATGTCATG,155,0.0,0.9999979300932451,1.4007091522216797e-06
155,locus:(SGIP1),TTTGTTTTAATGACAGTTCCCAGCCCTTCAGCATGTCATGC,156,0.0,0.9999999078837308,1.0566277937455611e-07
156,locus:(SGIP1),GTTTTAATGACAGTTCCCAGCCCTTCAGCATGTCATGCGCA,157,0.0,0.9999969059770758,2.955848520452326e-06
157,locus:(SGIP1),TTTTAATGACAGTTCCCAGCCCTTCAGCATGTCATGCGCAA,158,0.0,0.9999998862093146,9.482557123357599e-08
158,locus:(SGIP1),TTTAATGACAGTTCCCAGCCCTTCAGCATGTCATGCGCAAT,159,0.0,0.9999997995116494,1.3004649769176135e-07
159,locus:(SGIP1),AATGACAGTTCCCAGCCCTTCAGCATGTCATGCGCAATTAA,160,0.0,0.9999996477907355,3.034418279474432e-07
160,locus:(SGIP1),GACAGTTCCCAGCCCTTCAGCATGTCATGCGCAATTAATTC,161,0.0,0.9999583038416776,2.8111717917702414e-05
161,locus:(SGIP1),TTCCCAGCCCTTCAGCATGTCATGCGCAATTAATTCCCTGG,162,0.0,0.9999996532093395,5.093487826260653e-07
162,locus:(SGIP1),CAGCCCTTCAGCATGTCATGCGCAATTAATTCCCTGGCTCT,163,0.0,0.5843114202672784,0.41581100767309015
163,locus:(SGIP1),GCCCTTCAGCATGTCATGCGCAATTAATTCCCTGGCTCTCA,164,0.0,0.9999978054653514,1.4846975153142756e-06
164,locus:(SGIP1),CATGTCATGCGCAATTAATTCCCTGGCTCTCACGAAGGCAG,165,0.0,0.9999998916279186,1.0566277937455611e-07
165,locus:(SGIP1),ATGTCATGCGCAATTAATTCCCTGGCTCTCACGAAGGCAGC,166,0.0,0.9999971118840304,2.5223601948131216e-06
166,locus:(SGIP1),TGTCATGCGCAATTAATTCCCTGGCTCTCACGAAGGCAGCT,167,0.0,0.9999455701221119,5.0983645699240945e-05
167,locus:(SGIP1),ATGCGCAATTAATTCCCTGGCTCTCACGAAGGCAGCTGGGG,168,0.0,0.9999995665116743,3.3595345237038354e-07
168,locus:(SGIP1),GCGCAATTAATTCCCTGGCTCTCACGAAGGCAGCTGGGGTG,169,0.0,0.999999306418679,8.615580472079191e-07
169,locus:(SGIP1),GCAATTAATTCCCTGGCTCTCACGAAGGCAGCTGGGGTGAA,170,0.0,0.9999675371430137,2.8650869022716176e-05
170,locus:(SGIP1),AATTAATTCCCTGGCTCTCACGAAGGCAGCTGGGGTGAAAT,171,0.0,0.4750571548938751,0.5254863473502073
171,locus:(SGIP1),TTCCCTGGCTCTCACGAAGGCAGCTGGGGTGAAATTTCTTC,172,0.0,0.9999934760006991,5.3725459358908916e-06
172,locus:(SGIP1),CCTGGCTCTCACGAAGGCAGCTGGGGTGAAATTTCTTCTGC,173,0.0,0.9999997128139843,3.0615112998268823e-07
173,locus:(SGIP1),AGGCAGCTGGGGTGAAATTTCTTCTGCATCATCCTTTTGGG,174,0.0,0.9998708150603555,0.00010359829122369939
174,locus:(SGIP1),CAGCTGGGGTGAAATTTCTTCTGCATCATCCTTTTGGGGAT,175,0.0,0.999992386861281,7.5508247722278945e-06
175,locus:(SGIP1),CTGGGGTGAAATTTCTTCTGCATCATCCTTTTGGGGATGTT,176,0.0,0.999998769976876,1.1135231364857068e-06
176,locus:(SGIP1),GGGTGAAATTTCTTCTGCATCATCCTTTTGGGGATGTTTAT,177,0.0,0.9999981197443876,1.5795230865478516e-06
177,locus:(SGIP1),TGAAATTTCTTCTGCATCATCCTTTTGGGGATGTTTATGAT,178,0.0,0.9999999891627919,8.127906105735085e-09
178,locus:(SGIP1),GAAATTTCTTCTGCATCATCCTTTTGGGGATGTTTATGATG,179,0.0,0.9999903440475464,7.393685254183683e-06
179,locus:(SGIP1),TGGGGATGTTTATGATGTGACGTCAGTCGGATTGATTTTTC,180,0.0,0.785642764785073,0.21265844052488153
180,locus:(SGIP1),GGATGTTTATGATGTGACGTCAGTCGGATTGATTTTTCTCT,181,0.0,0.9999998157674616,1.815232363614169e-07
181,locus:(SGIP1),GTTTATGATGTGACGTCAGTCGGATTGATTTTTCTCTCTTG,182,0.0,0.6201774992726066,0.37385899099436676
182,locus:(SGIP1),CGTCAGTCGGATTGATTTTTCTCTCTTGAATGAAGGATGGG,183,0.0,0.9999978704886003,2.554871819236062e-06
183,locus:(SGIP1),TCAGTCGGATTGATTTTTCTCTCTTGAATGAAGGATGGGAG,184,0.0,0.9999831427227367,2.152540467002175e-05
184,locus:(SGIP1),AGTCGGATTGATTTTTCTCTCTTGAATGAAGGATGGGAGGG,185,0.0,0.9999262419613925,8.164210753007369e-05
185,locus:(SGIP1),TGGGAGGGGAGAAAGAGAGACGGAGAGAGAGAGAGACGCAC,186,0.0,0.412418471141295,0.5858904069120233
186,locus:(SGIP1),GAGACGGAGAGAGAGAGAGACGCACAGATGTGCACGGAGGC,187,0.0,0.5070984661579132,0.4910829283974387
187,locus:(SGIP1),GACGGAGAGAGAGAGAGACGCACAGATGTGCACGGAGGCCA,188,0.0,0.9998243451118469,0.00015117092566056684
188,locus:(SGIP1),CGGAGAGAGAGAGAGACGCACAGATGTGCACGGAGGCCACA,189,0.0,0.9999384771693837,5.2574005993929774e-05
189,locus:(SGIP1),GAGAGAGACGCACAGATGTGCACGGAGGCCACAGACACTGA,190,0.0,0.9999680573290045,2.834742719476873e-05
190,locus:(SGIP1),GAGAGACGCACAGATGTGCACGGAGGCCACAGACACTGACA,191,0.0,0.44787867773662915,0.5513245598836378
191,locus:(SGIP1),CGCACAGATGTGCACGGAGGCCACAGACACTGACATTTGGA,192,0.0,0.999999691139568,2.0590695467862216e-07
192,locus:(SGIP1),GCACAGATGTGCACGGAGGCCACAGACACTGACATTTGGAA,193,0.0,0.9999999458139593,4.8767436634410514e-08
193,locus:(SGIP1),ACAGATGTGCACGGAGGCCACAGACACTGACATTTGGAATT,194,0.0,0.9999999349767511,7.315115495161577e-08
194,locus:(SGIP1),ATGTGCACGGAGGCCACAGACACTGACATTTGGAATTCCTT,195,0.0,0.9999966621398926,2.5359067049893467e-06
195,locus:(SGIP1),GTGCACGGAGGCCACAGACACTGACATTTGGAATTCCTTCA,196,0.0,0.9999996803023599,3.3866275440562854e-07
196,locus:(SGIP1),ACGGAGGCCACAGACACTGACATTTGGAATTCCTTCAGGGT,197,0.0,0.9999983852559869,2.1403486078435723e-06
197,locus:(SGIP1),AGACACTGACATTTGGAATTCCTTCAGGGTAAAAGGACACC,198,0.0,0.9999935518611561,5.139545960859819e-06
198,locus:(SGIP1),GACACTGACATTTGGAATTCCTTCAGGGTAAAAGGACACCG,199,0.0,0.9991167350248857,0.0009275512261824174
199,locus:(SGIP1),ACTGACATTTGGAATTCCTTCAGGGTAAAAGGACACCGGAA,200,0.0,0.9999925006519664,8.374452590942383e-06
200,locus:(SGIP1),ATTCCTTCAGGGTAAAAGGACACCGGAATGGGAGCTTAGAA,201,0.0,0.999946420842951,4.225698384371671e-05
201,locus:(SGIP1),TCCTTCAGGGTAAAAGGACACCGGAATGGGAGCTTAGAAGT,202,0.0,0.9999995936046947,3.034418279474432e-07
202,locus:(SGIP1),CCTTCAGGGTAAAAGGACACCGGAATGGGAGCTTAGAAGTG,203,1.0,0.04070290923118591,0.9592096751386469
203,locus:(SGIP1),AAAGGACACCGGAATGGGAGCTTAGAAGTGTGTTGCTAAGA,204,0.0,0.9999865022572604,1.3104893944480203e-05
204,locus:(SGIP1),GGGAGCTTAGAAGTGTGTTGCTAAGATTTCCGGCTGCACGG,205,0.0,0.9999877160245721,1.3877045024525035e-05
205,locus:(SGIP1),GAAGTGTGTTGCTAAGATTTCCGGCTGCACGGAATTATTAA,206,0.0,0.9999411756342108,5.6819482283158735e-05
206,locus:(SGIP1),AAGTGTGTTGCTAAGATTTCCGGCTGCACGGAATTATTAAG,207,1.0,0.06721853938969699,0.9324177503585815
207,locus:(SGIP1),TGTGTTGCTAAGATTTCCGGCTGCACGGAATTATTAAGTTT,208,0.0,0.9999990842559121,9.021975777365945e-07
208,locus:(SGIP1),GTTGCTAAGATTTCCGGCTGCACGGAATTATTAAGTTTTTC,209,0.0,0.9999490867961537,4.155527461658824e-05
209,locus:(SGIP1),TGCTAAGATTTCCGGCTGCACGGAATTATTAAGTTTTTCTT,210,0.0,0.8415044004266913,0.1529880247332833
210,locus:(SGIP1),CACGGAATTATTAAGTTTTTCTTAAAAAAACAAAAAAAGAA,211,0.0,0.9999998320232738,1.0024417530406605e-07
211,locus:(SGIP1),TTAAGTTTTTCTTAAAAAAACAAAAAAAGAAAGAAAGAAAG,212,0.0,0.999998851255937,8.58848745172674e-07
212,locus:(SGIP1),AAGAAAGAAAAAGAAAAGAACCCCCTCCGCAGCGAGCCACT,213,0.0,0.99999830939553,2.1376393058083276e-06
213,locus:(SGIP1),AGAAAGAAAAAGAAAAGAACCCCCTCCGCAGCGAGCCACTT,214,0.0,0.999953649260781,4.805218089710582e-05
214,locus:(SGIP1),GAAAGAAAAAGAAAAGAACCCCCTCCGCAGCGAGCCACTTA,215,0.0,0.9999969168142839,3.554604270241477e-06
215,locus:(SGIP1),AAAGAAAAAGAAAAGAACCCCCTCCGCAGCGAGCCACTTAG,216,0.0,0.9999993280930952,9.5367431640625e-07
216,locus:(SGIP1),AAGAAAAAGAAAAGAACCCCCTCCGCAGCGAGCCACTTAGG,217,0.0,0.9999999403953552,8.940696716308594e-08
217,locus:(SGIP1),GAAAAAGAAAAGAACCCCCTCCGCAGCGAGCCACTTAGGTG,218,0.0,0.999999924139543,8.127906105735085e-08
218,locus:(SGIP1),AAAAAGAAAAGAACCCCCTCCGCAGCGAGCCACTTAGGTGC,219,1.0,0.18600414557890457,0.8120096867734735
219,locus:(SGIP1),AAAGAAAAGAACCCCCTCCGCAGCGAGCCACTTAGGTGCTG,220,0.0,0.9999999891627919,2.7093020352450285e-09
220,locus:(SGIP1),GAAAAGAACCCCCTCCGCAGCGAGCCACTTAGGTGCTGCTT,221,0.0,0.5310098826885223,0.46760181134397333
221,locus:(SGIP1),AGAACCCCCTCCGCAGCGAGCCACTTAGGTGCTGCTTTCAC,222,0.0,0.9999931237914346,4.611232063987038e-06
222,locus:(SGIP1),GAACCCCCTCCGCAGCGAGCCACTTAGGTGCTGCTTTCACG,223,0.0,0.9983031695539301,0.0015039931644092906
223,locus:(SGIP1),ACCCCCTCCGCAGCGAGCCACTTAGGTGCTGCTTTCACGCC,224,0.0,0.999999696558172,2.8447671370072797e-07
224,locus:(SGIP1),CGCAGCGAGCCACTTAGGTGCTGCTTTCACGCCAGAGTCCC,225,0.0,0.999999235976826,6.095929579301314e-07
225,locus:(SGIP1),AGCGAGCCACTTAGGTGCTGCTTTCACGCCAGAGTCCCCTG,226,0.0,0.9999997073953802,2.8176741166548297e-07
226,locus:(SGIP1),AGCCACTTAGGTGCTGCTTTCACGCCAGAGTCCCCTGTTAA,227,0.0,0.9999773610721935,1.8309463154185902e-05
227,locus:(SGIP1),CCACTTAGGTGCTGCTTTCACGCCAGAGTCCCCTGTTAAGG,228,0.0,0.6304281895810907,0.3715790266340429
228,locus:(SGIP1),ACTTAGGTGCTGCTTTCACGCCAGAGTCCCCTGTTAAGGTG,229,0.0,0.9999998807907104,1.2733719565651633e-07
229,locus:(SGIP1),CTTAGGTGCTGCTTTCACGCCAGAGTCCCCTGTTAAGGTGG,230,0.0,0.9999998320232738,1.815232363614169e-07
230,locus:(SGIP1),TGCTGCTTTCACGCCAGAGTCCCCTGTTAAGGTGGCAGCCC,231,0.0,0.9999999458139593,2.1674416281960228e-08
231,locus:(SGIP1),GCTGCTTTCACGCCAGAGTCCCCTGTTAAGGTGGCAGCCCT,232,0.0,0.9996611313386397,0.0002896270968697288
232,locus:(SGIP1),CTGCTTTCACGCCAGAGTCCCCTGTTAAGGTGGCAGCCCTT,233,0.0,0.9999999729069796,4.3348832563920456e-08
233,locus:(SGIP1),TGCTTTCACGCCAGAGTCCCCTGTTAAGGTGGCAGCCCTTG,234,0.0,0.9999999566511675,4.063953052867542e-08
234,locus:(SGIP1),AGAGTCCCCTGTTAAGGTGGCAGCCCTTGATAACTAATCTC,235,0.0,0.9999903603033586,9.907917542891068e-06
235,locus:(SGIP1),GTCCCCTGTTAAGGTGGCAGCCCTTGATAACTAATCTCGGG,236,0.0,0.9999554536559365,4.167719320817427e-05
236,locus:(SGIP1),TCCCCTGTTAAGGTGGCAGCCCTTGATAACTAATCTCGGGC,237,0.0,0.9997721043500033,0.00019366361878134987
237,locus:(SGIP1),CCCCTGTTAAGGTGGCAGCCCTTGATAACTAATCTCGGGCA,238,0.0,0.9999999783255837,4.063953052867542e-08
238,locus:(SGIP1),AAGGTGGCAGCCCTTGATAACTAATCTCGGGCACCCAGCCG,239,0.0,0.9999963261864402,4.334883256392046e-06
239,locus:(SGIP1),GGCAGCCCTTGATAACTAATCTCGGGCACCCAGCCGCTTCT,240,0.0,0.9998293573206122,0.0001533871347253973
240,locus:(SGIP1),CAGCCCTTGATAACTAATCTCGGGCACCCAGCCGCTTCTGT,241,1.0,0.19323630495504898,0.8063230622898448
241,locus:(SGIP1),CCTTGATAACTAATCTCGGGCACCCAGCCGCTTCTGTAAGC,242,0.0,0.9999999674883756,2.9802322387695312e-08
242,locus:(SGIP1),TTGATAACTAATCTCGGGCACCCAGCCGCTTCTGTAAGCTT,243,0.0,0.9999999566511675,2.7093020352450283e-08
243,locus:(SGIP1),TGATAACTAATCTCGGGCACCCAGCCGCTTCTGTAAGCTTA,244,0.0,0.9999998807907104,1.137906854802912e-07
244,locus:(SGIP1),GATAACTAATCTCGGGCACCCAGCCGCTTCTGTAAGCTTAA,245,0.0,0.9999892332337119,1.2362545186823064e-05
245,locus:(SGIP1),AACTAATCTCGGGCACCCAGCCGCTTCTGTAAGCTTAAGGA,246,0.0,0.9999988404187289,1.435930078679865e-06
246,locus:(SGIP1),ACTAATCTCGGGCACCCAGCCGCTTCTGTAAGCTTAAGGAG,247,1.0,0.11577186259356412,0.884165574203838
247,locus:(SGIP1),TAATCTCGGGCACCCAGCCGCTTCTGTAAGCTTAAGGAGAC,248,0.0,0.9999998428604819,2.004883506081321e-07
248,locus:(SGIP1),TCTCGGGCACCCAGCCGCTTCTGTAAGCTTAAGGAGACGAC,249,0.0,0.9999999349767511,7.58604569868608e-08
249,locus:(SGIP1),CACCCAGCCGCTTCTGTAAGCTTAAGGAGACGACGAGGAGG,250,0.0,0.9999952478842302,5.177476189353249e-06
250,locus:(SGIP1),CTTCTGTAAGCTTAAGGAGACGACGAGGAGGGGCGGGGGAA,251,0.0,0.7380338257009332,0.2628819617358121
251,locus:(SGIP1),CTGTAAGCTTAAGGAGACGACGAGGAGGGGCGGGGGAAGTG,252,0.0,0.5675096430561759,0.4285044046965512
252,locus:(SGIP1),AAGGAGACGACGAGGAGGGGCGGGGGAAGTGCGTCACCAGG,253,0.0,0.6021275357766585,0.3954642713069916
253,locus:(SGIP1),GAGGAGGGGCGGGGGAAGTGCGTCACCAGGTGGGGAAGGGG,254,1.0,0.305282787843184,0.694609441540458
254,locus:(SGIP1),GAGGGGCGGGGGAAGTGCGTCACCAGGTGGGGAAGGGGCTG,255,0.0,0.9987874735485424,0.0010294399478218772
255,locus:(SGIP1),GGGGCGGGGGAAGTGCGTCACCAGGTGGGGAAGGGGCTGTG,256,0.0,0.9999397830529646,5.748867988586426e-05
256,locus:(SGIP1),GGGCGGGGGAAGTGCGTCACCAGGTGGGGAAGGGGCTGTGT,257,0.0,0.9961348501118746,0.0039958222345872355
257,locus:(SGIP1),GTCACCAGGTGGGGAAGGGGCTGTGTATTTGGTGACAAGCG,258,0.0,0.9999975833025846,3.4083019603382456e-06
258,locus:(SGIP1),AGGGGCTGTGTATTTGGTGACAAGCGGGAGGCCCAAAACTT,259,0.0,0.9999970468607816,3.33515080538663e-06
259,locus:(SGIP1),GCTGTGTATTTGGTGACAAGCGGGAGGCCCAAAACTTCGAC,260,0.0,0.5568631237203424,0.4424140019850297
260,Example 1(AGTRAP_1),GAGTTCTGGTGCACTTTGCCCCTCCCCGGTTCAAGCAATTC,1,0.0,0.9994536475701765,0.0005594031377272172
261,Example 1(AGTRAP_1),AGTTCTGGTGCACTTTGCCCCTCCCCGGTTCAAGCAATTCT,2,0.0,0.9995451623743231,0.0004873925989324396
262,Example 1(AGTRAP_1),TTCTGGTGCACTTTGCCCCTCCCCGGTTCAAGCAATTCTCG,3,0.0,0.9999953508377075,4.196708852594549e-06
263,Example 1(AGTRAP_1),TCTGGTGCACTTTGCCCCTCCCCGGTTCAAGCAATTCTCGT,4,0.0,0.9999815821647644,2.0081346685236152e-05
264,Example 1(AGTRAP_1),CTGGTGCACTTTGCCCCTCCCCGGTTCAAGCAATTCTCGTG,5,0.0,0.9999986453489824,1.048499887639826e-06
265,Example 1(AGTRAP_1),TGGTGCACTTTGCCCCTCCCCGGTTCAAGCAATTCTCGTGC,6,0.0,0.9999989596280184,8.859417655251243e-07
266,Example 1(AGTRAP_1),CACTTTGCCCCTCCCCGGTTCAAGCAATTCTCGTGCCTCAG,7,0.0,0.9999998807907104,1.2191859158602628e-07
267,Example 1(AGTRAP_1),TTGCCCCTCCCCGGTTCAAGCAATTCTCGTGCCTCAGCCTC,8,0.0,0.9999905824661255,7.943673567338424e-06
268,Example 1(AGTRAP_1),CCTCCCCGGTTCAAGCAATTCTCGTGCCTCAGCCTCCTGAG,9,0.0,0.999999306418679,6.177208640358665e-07
269,Example 1(AGTRAP_1),TCCCCGGTTCAAGCAATTCTCGTGCCTCAGCCTCCTGAGTA,10,0.0,0.9999774369326505,2.0187009464610707e-05
270,Example 1(AGTRAP_1),CGGTTCAAGCAATTCTCGTGCCTCAGCCTCCTGAGTAGCTG,11,0.0,0.999998623674566,9.61802222511985e-07
271,Example 1(AGTRAP_1),GGTTCAAGCAATTCTCGTGCCTCAGCCTCCTGAGTAGCTGG,12,0.0,0.9999999458139593,5.4186040704900566e-08
272,Example 1(AGTRAP_1),TTCAAGCAATTCTCGTGCCTCAGCCTCCTGAGTAGCTGGGA,13,0.0,0.9999998645348982,1.0024417530406605e-07
273,Example 1(AGTRAP_1),AAGCAATTCTCGTGCCTCAGCCTCCTGAGTAGCTGGGACTG,14,0.0,0.9999915144660256,7.250092246315696e-06
274,Example 1(AGTRAP_1),AGCAATTCTCGTGCCTCAGCCTCCTGAGTAGCTGGGACTGC,15,0.0,0.9999998157674616,2.3570927706631747e-07
275,Example 1(AGTRAP_1),CAATTCTCGTGCCTCAGCCTCCTGAGTAGCTGGGACTGCAG,16,0.0,0.9999961365352977,2.9693950306285513e-06
276,Example 1(AGTRAP_1),AATTCTCGTGCCTCAGCCTCCTGAGTAGCTGGGACTGCAGG,17,0.0,0.9999990950931202,8.371743288907137e-07
277,Example 1(AGTRAP_1),TGCCTCAGCCTCCTGAGTAGCTGGGACTGCAGGTGCACACC,18,0.0,0.9999999620697715,3.522092645818537e-08
278,Example 1(AGTRAP_1),AGCCTCCTGAGTAGCTGGGACTGCAGGTGCACACCACCATG,19,0.0,0.9999991384419528,8.778138594193892e-07
279,Example 1(AGTRAP_1),CTCCTGAGTAGCTGGGACTGCAGGTGCACACCACCATGCCC,20,0.0,0.9999929774891246,5.453824996948242e-06
280,Example 1(AGTRAP_1),AGTAGCTGGGACTGCAGGTGCACACCACCATGCCCTGCTAA,21,0.0,0.9997922236269171,0.00016408345916054466
281,Example 1(AGTRAP_1),TAGCTGGGACTGCAGGTGCACACCACCATGCCCTGCTAATT,22,0.0,0.9999886371872642,8.707696741277521e-06
282,Example 1(AGTRAP_1),GCTGGGACTGCAGGTGCACACCACCATGCCCTGCTAATTTT,23,0.0,0.9999907558614557,1.045248725197532e-05
283,Example 1(AGTRAP_1),CTGGGACTGCAGGTGCACACCACCATGCCCTGCTAATTTTG,24,0.0,0.9999992522326383,5.74372031471946e-07
284,Example 1(AGTRAP_1),GGGACTGCAGGTGCACACCACCATGCCCTGCTAATTTTGGT,25,0.0,0.999999924139543,6.231394681063565e-08
285,Example 1(AGTRAP_1),GGACTGCAGGTGCACACCACCATGCCCTGCTAATTTTGGTA,26,0.0,0.9999174096367576,9.950453584844416e-05
286,Example 1(AGTRAP_1),TGCAGGTGCACACCACCATGCCCTGCTAATTTTGGTATTTT,27,0.0,0.9999947547912598,4.9173831939697266e-06
287,Example 1(AGTRAP_1),GCAGGTGCACACCACCATGCCCTGCTAATTTTGGTATTTTT,28,0.0,0.7131719589233398,0.28579041361808777
288,Example 1(AGTRAP_1),CAGGTGCACACCACCATGCCCTGCTAATTTTGGTATTTTTA,29,0.0,0.9999599077484824,3.357908942482688e-05
289,Example 1(AGTRAP_1),GTGCACACCACCATGCCCTGCTAATTTTGGTATTTTTAGTA,30,0.0,0.9999978163025596,2.002174204046076e-06
290,Example 1(AGTRAP_1),TTTGGTATTTTTAGTAGAGACGGGGTTTCACCATGTTGGCC,31,0.0,0.9999999024651267,1.1108138344504616e-07
291,Example 1(AGTRAP_1),TTTTAGTAGAGACGGGGTTTCACCATGTTGGCCAGGCTGGT,32,0.0,0.9999211918223988,8.57521187175404e-05
292,Example 1(AGTRAP_1),TTAGTAGAGACGGGGTTTCACCATGTTGGCCAGGCTGGTCT,33,0.0,0.9999994473023848,4.76837158203125e-07
293,Example 1(AGTRAP_1),TAGTAGAGACGGGGTTTCACCATGTTGGCCAGGCTGGTCTC,34,0.0,0.9999996423721313,3.9826739918101917e-07
294,Example 1(AGTRAP_1),ACGGGGTTTCACCATGTTGGCCAGGCTGGTCTCGAACTACT,35,0.0,0.9998819340359081,0.00010130351239984685
295,Example 1(AGTRAP_1),CGGGGTTTCACCATGTTGGCCAGGCTGGTCTCGAACTACTG,36,0.0,0.9999998645348982,1.246278936212713e-07
296,Example 1(AGTRAP_1),GTTTCACCATGTTGGCCAGGCTGGTCTCGAACTACTGAGTT,37,0.0,0.9998136596246199,0.00026548450643366033
297,Example 1(AGTRAP_1),ACCATGTTGGCCAGGCTGGTCTCGAACTACTGAGTTCAGGT,38,0.0,0.9999998482790861,1.2733719565651633e-07
298,Example 1(AGTRAP_1),CATGTTGGCCAGGCTGGTCTCGAACTACTGAGTTCAGGTGA,39,0.0,0.9999991167675365,9.970231489701704e-07
299,Example 1(AGTRAP_1),TTGGCCAGGCTGGTCTCGAACTACTGAGTTCAGGTGATCCA,40,0.0,0.9999998536976901,1.4901161193847656e-07
300,Example 1(AGTRAP_1),GCCAGGCTGGTCTCGAACTACTGAGTTCAGGTGATCCACCC,41,0.0,0.9999964345585216,2.1538951180197974e-06
301,Example 1(AGTRAP_1),TGGTCTCGAACTACTGAGTTCAGGTGATCCACCCTCCTTGG,42,0.0,0.9999999566511675,3.251162442294034e-08
302,Example 1(AGTRAP_1),AACTACTGAGTTCAGGTGATCCACCCTCCTTGGCCTCCCAA,43,0.0,1.0,0.0
303,Example 1(AGTRAP_1),ACTACTGAGTTCAGGTGATCCACCCTCCTTGGCCTCCCAAA,44,0.0,1.0,2.7093020352450285e-09
304,Example 1(AGTRAP_1),TACTGAGTTCAGGTGATCCACCCTCCTTGGCCTCCCAAAGT,45,0.0,0.9999999349767511,5.4186040704900566e-08
305,Example 1(AGTRAP_1),ACTGAGTTCAGGTGATCCACCCTCCTTGGCCTCCCAAAGTG,46,0.0,0.9999995340000499,3.1969764015891333e-07
306,Example 1(AGTRAP_1),CTGAGTTCAGGTGATCCACCCTCCTTGGCCTCCCAAAGTGC,47,0.0,1.0,0.0
307,Example 1(AGTRAP_1),GAGTTCAGGTGATCCACCCTCCTTGGCCTCCCAAAGTGCTG,48,0.0,0.9999996803023599,2.5196508927778766e-07
308,Example 1(AGTRAP_1),AGTTCAGGTGATCCACCCTCCTTGGCCTCCCAAAGTGCTGG,49,0.0,0.9999993118372831,9.265812960537997e-07
309,Example 1(AGTRAP_1),AGGTGATCCACCCTCCTTGGCCTCCCAAAGTGCTGGGATAA,50,0.0,0.999999306418679,6.800348108465021e-07
310,Example 1(AGTRAP_1),GGTGATCCACCCTCCTTGGCCTCCCAAAGTGCTGGGATAAC,51,0.0,0.9999999566511675,3.79302284934304e-08
311,Example 1(AGTRAP_1),TGATCCACCCTCCTTGGCCTCCCAAAGTGCTGGGATAACAG,52,0.0,0.9999999729069796,3.522092645818537e-08
312,Example 1(AGTRAP_1),GATCCACCCTCCTTGGCCTCCCAAAGTGCTGGGATAACAGG,53,0.0,0.9999999674883756,3.251162442294034e-08
313,Example 1(AGTRAP_1),ATCCACCCTCCTTGGCCTCCCAAAGTGCTGGGATAACAGGG,54,0.0,0.9999611269343983,2.263350920243697e-05
314,Example 1(AGTRAP_1),CTCCTTGGCCTCCCAAAGTGCTGGGATAACAGGGGTGAGCC,55,0.0,0.9999429854479703,4.445422779430043e-05
315,Example 1(AGTRAP_1),CTCCCAAAGTGCTGGGATAACAGGGGTGAGCCACTGCGCCC,56,0.0,0.9999999403953552,7.044185291637074e-08
316,Example 1(AGTRAP_1),GCTGGGATAACAGGGGTGAGCCACTGCGCCCAGCCTCATCT,57,0.0,0.9999993551861156,3.6575577475807885e-07
317,Example 1(AGTRAP_1),CTGGGATAACAGGGGTGAGCCACTGCGCCCAGCCTCATCTT,58,0.0,0.9999981251629916,1.8450346860018643e-06
318,Example 1(AGTRAP_1),GGGATAACAGGGGTGAGCCACTGCGCCCAGCCTCATCTTGT,59,0.0,0.9999913085590709,7.071278311989524e-06
319,Example 1(AGTRAP_1),ATAACAGGGGTGAGCCACTGCGCCCAGCCTCATCTTGTGTT,60,0.0,0.9997092647985979,0.0002883266318928112
320,Example 1(AGTRAP_1),AACAGGGGTGAGCCACTGCGCCCAGCCTCATCTTGTGTTGG,61,1.0,0.14086981253190475,0.8586467612873424
321,Example 1(AGTRAP_1),ACAGGGGTGAGCCACTGCGCCCAGCCTCATCTTGTGTTGGT,62,0.0,0.9999996748837557,3.224069421941584e-07
322,Example 1(AGTRAP_1),CAGGGGTGAGCCACTGCGCCCAGCCTCATCTTGTGTTGGTA,63,0.0,0.9999999945813959,1.3546510176225142e-08
323,Example 1(AGTRAP_1),GGGTGAGCCACTGCGCCCAGCCTCATCTTGTGTTGGTAATA,64,0.0,0.9999999891627919,1.3546510176225142e-08
324,Example 1(AGTRAP_1),GGTGAGCCACTGCGCCCAGCCTCATCTTGTGTTGGTAATAA,65,0.0,0.9999994473023848,7.098371332341974e-07
325,Example 1(AGTRAP_1),TGAGCCACTGCGCCCAGCCTCATCTTGTGTTGGTAATAACA,66,0.0,0.9999708424914967,2.380392768166282e-05
326,Example 1(AGTRAP_1),GCCACTGCGCCCAGCCTCATCTTGTGTTGGTAATAACAATA,67,0.0,0.9999676888639276,3.1010671095414594e-05
327,Example 1(AGTRAP_1),TCATCTTGTGTTGGTAATAACAATAGCTTGTGTGTCCTGCC,68,0.0,0.699503551829945,0.2982295751571655
328,Example 1(AGTRAP_1),TGTGTTGGTAATAACAATAGCTTGTGTGTCCTGCCCATTTA,69,0.0,0.997900047085502,0.0019056092609058726
329,Example 1(AGTRAP_1),AATAACAATAGCTTGTGTGTCCTGCCCATTTACTAAGTGCC,70,0.0,0.9999833540482954,1.5724789012562145e-05
330,Example 1(AGTRAP_1),ATAACAATAGCTTGTGTGTCCTGCCCATTTACTAAGTGCCG,71,0.0,0.9999991167675365,8.58848745172674e-07
331,Example 1(AGTRAP_1),ACAATAGCTTGTGTGTCCTGCCCATTTACTAAGTGCCGGGC,72,0.0,0.9999991276047446,1.0783022100275212e-06
332,Example 1(AGTRAP_1),CAATAGCTTGTGTGTCCTGCCCATTTACTAAGTGCCGGGCA,73,0.0,0.9999934868379072,5.107034336436879e-06
333,Example 1(AGTRAP_1),AATAGCTTGTGTGTCCTGCCCATTTACTAAGTGCCGGGCAC,74,0.0,0.999997469511899,2.9341741041703657e-06
334,Example 1(AGTRAP_1),TTGTGTGTCCTGCCCATTTACTAAGTGCCGGGCACTGTTCT,75,0.0,0.999996239488775,2.7418136596679688e-06
335,Example 1(AGTRAP_1),TCCTGCCCATTTACTAAGTGCCGGGCACTGTTCTCTCCTAG,76,0.0,0.9993888681585138,0.0007187046787955544
336,Example 1(AGTRAP_1),CCTGCCCATTTACTAAGTGCCGGGCACTGTTCTCTCCTAGA,77,0.0,0.9999022375453602,0.00011197545311667703
337,Example 1(AGTRAP_1),CCCATTTACTAAGTGCCGGGCACTGTTCTCTCCTAGAACAA,78,0.0,0.9999600486321882,3.395839170976119e-05
338,Example 1(AGTRAP_1),CATTTACTAAGTGCCGGGCACTGTTCTCTCCTAGAACAAAC,79,0.0,0.9999790787696838,2.0262869921597567e-05
339,Example 1(AGTRAP_1),ACTAAGTGCCGGGCACTGTTCTCTCCTAGAACAAACCGTAG,80,0.0,0.9999566349116239,4.1544437408447266e-05
340,Example 1(AGTRAP_1),TAAGTGCCGGGCACTGTTCTCTCCTAGAACAAACCGTAGTT,81,0.0,0.9999754645607688,2.2200020876797762e-05
341,Example 1(AGTRAP_1),AGTGCCGGGCACTGTTCTCTCCTAGAACAAACCGTAGTTAG,82,0.0,0.9999926794659008,6.209720264781605e-06
342,Example 1(AGTRAP_1),GTGCCGGGCACTGTTCTCTCCTAGAACAAACCGTAGTTAGA,83,0.0,0.9999998591162942,1.815232363614169e-07
343,Example 1(AGTRAP_1),GGCACTGTTCTCTCCTAGAACAAACCGTAGTTAGACTCCTC,84,0.0,0.9999995556744662,3.1698833812366833e-07
344,Example 1(AGTRAP_1),CTGTTCTCTCCTAGAACAAACCGTAGTTAGACTCCTCTGAG,85,0.0,0.9999973394654014,3.221360119906339e-06
345,Example 1(AGTRAP_1),TGTTCTCTCCTAGAACAAACCGTAGTTAGACTCCTCTGAGT,86,0.0,0.9999999566511675,4.3348832563920456e-08
346,Example 1(AGTRAP_1),TAGAACAAACCGTAGTTAGACTCCTCTGAGTCCTCATCTTG,87,0.0,0.999998623674566,1.3925812461159446e-06
347,Example 1(AGTRAP_1),GAACAAACCGTAGTTAGACTCCTCTGAGTCCTCATCTTGAC,88,0.0,0.9999999512325634,3.251162442294034e-08
348,Example 1(AGTRAP_1),AACAAACCGTAGTTAGACTCCTCTGAGTCCTCATCTTGACT,89,0.0,0.9999388998205011,5.2950598976828836e-05
349,Example 1(AGTRAP_1),CAAACCGTAGTTAGACTCCTCTGAGTCCTCATCTTGACTAG,90,0.0,0.9999981901862405,1.8748370083895596e-06
350,Example 1(AGTRAP_1),GTAGTTAGACTCCTCTGAGTCCTCATCTTGACTAGGCCTCG,91,0.0,0.9999976754188538,2.3110346360640093e-06
351,Example 1(AGTRAP_1),TAGTTAGACTCCTCTGAGTCCTCATCTTGACTAGGCCTCGG,92,1.0,0.05548457394946705,0.9443309686400674
352,Example 1(AGTRAP_1),GTTAGACTCCTCTGAGTCCTCATCTTGACTAGGCCTCGGCC,93,0.0,0.9999967976049944,2.7932903983376245e-06
353,Example 1(AGTRAP_1),AGACTCCTCTGAGTCCTCATCTTGACTAGGCCTCGGCCTTG,94,0.0,0.9999999783255837,4.605813459916548e-08
354,Example 1(AGTRAP_1),CCTCTGAGTCCTCATCTTGACTAGGCCTCGGCCTTGGACCT,95,0.0,0.9999678947708823,3.254413604736328e-05
355,Example 1(AGTRAP_1),GAGTCCTCATCTTGACTAGGCCTCGGCCTTGGACCTCTGTG,96,0.0,0.99998924407092,1.2278556823730469e-05
356,Example 1(AGTRAP_1),AGTCCTCATCTTGACTAGGCCTCGGCCTTGGACCTCTGTGT,97,0.0,0.9999997940930453,1.9777904857288708e-07
357,Example 1(AGTRAP_1),TCCTCATCTTGACTAGGCCTCGGCCTTGGACCTCTGTGTCT,98,0.0,0.9999883987686851,1.528588208285245e-05
358,Example 1(AGTRAP_1),TCATCTTGACTAGGCCTCGGCCTTGGACCTCTGTGTCTTCC,99,0.0,0.9997877045111223,0.00023697723041881215
359,Example 1(AGTRAP_1),CATCTTGACTAGGCCTCGGCCTTGGACCTCTGTGTCTTCCT,100,0.0,0.9999820535833185,1.4573335647583008e-05
360,Example 1(AGTRAP_1),GACTAGGCCTCGGCCTTGGACCTCTGTGTCTTCCTGTCCTT,101,0.0,0.9999980818141591,1.514499837701971e-06
361,Example 1(AGTRAP_1),ACTAGGCCTCGGCCTTGGACCTCTGTGTCTTCCTGTCCTTG,102,0.0,0.999999918720939,1.1108138344504616e-07
362,Example 1(AGTRAP_1),TAGGCCTCGGCCTTGGACCTCTGTGTCTTCCTGTCCTTGCT,103,0.0,0.9999999566511675,3.79302284934304e-08
363,Example 1(AGTRAP_1),TCGGCCTTGGACCTCTGTGTCTTCCTGTCCTTGCTGGGCCT,104,0.0,0.9999989596280184,6.935813210227273e-07
364,Example 1(AGTRAP_1),GCCTTGGACCTCTGTGTCTTCCTGTCCTTGCTGGGCCTGAG,105,0.0,0.9999985044652765,1.3898719440806995e-06
365,Example 1(AGTRAP_1),CCTTGGACCTCTGTGTCTTCCTGTCCTTGCTGGGCCTGAGC,106,0.0,0.9999990083954551,7.66732475974343e-07
366,Example 1(AGTRAP_1),GGACCTCTGTGTCTTCCTGTCCTTGCTGGGCCTGAGCCTGC,107,0.0,0.9999998753721063,1.6797672618519177e-07
367,Example 1(AGTRAP_1),GACCTCTGTGTCTTCCTGTCCTTGCTGGGCCTGAGCCTGCA,108,0.0,0.9999999674883756,1.89651142467152e-08
368,Example 1(AGTRAP_1),TCTGTGTCTTCCTGTCCTTGCTGGGCCTGAGCCTGCATAAT,109,0.0,0.9999996477907355,1.9506974653764206e-07
369,Example 1(AGTRAP_1),GTCTTCCTGTCCTTGCTGGGCCTGAGCCTGCATAATAAACC,110,0.0,0.9999968355352228,2.603639255870472e-06
370,Example 1(AGTRAP_1),TCTTCCTGTCCTTGCTGGGCCTGAGCCTGCATAATAAACCA,111,0.0,0.9999970631165938,2.9016624797474253e-06
371,Example 1(AGTRAP_1),CTGTCCTTGCTGGGCCTGAGCCTGCATAATAAACCAGTTTC,112,0.0,0.9999999729069796,2.4383718317205257e-08
372,Example 1(AGTRAP_1),TGTCCTTGCTGGGCCTGAGCCTGCATAATAAACCAGTTTCA,113,0.0,0.9999968138608065,2.511522986672141e-06
373,Example 1(AGTRAP_1),CCTTGCTGGGCCTGAGCCTGCATAATAAACCAGTTTCAGCA,114,0.0,0.9999999349767511,6.502324884588068e-08
374,Example 1(AGTRAP_1),GCCTGAGCCTGCATAATAAACCAGTTTCAGCAAGAGTCCTG,115,0.0,0.9999952207912098,3.232197328047319e-06
375,Example 1(AGTRAP_1),CCTGAGCCTGCATAATAAACCAGTTTCAGCAAGAGTCCTGC,116,0.0,0.9990803057497198,0.000861170617016879
376,Example 1(AGTRAP_1),CCTGCATAATAAACCAGTTTCAGCAAGAGTCCTGCTAAGTT,117,0.0,0.9999999891627919,2.1674416281960228e-08
377,Example 1(AGTRAP_1),GCATAATAAACCAGTTTCAGCAAGAGTCCTGCTAAGTTAGC,118,0.0,0.9999996369535272,2.5196508927778766e-07
378,Example 1(AGTRAP_1),AAACCAGTTTCAGCAAGAGTCCTGCTAAGTTAGCAAGAACT,119,0.0,0.9999869086525657,1.3771382245150479e-05
379,Example 1(AGTRAP_1),AACCAGTTTCAGCAAGAGTCCTGCTAAGTTAGCAAGAACTC,120,0.0,0.9999966350468722,4.502859982577237e-06
380,Example 1(AGTRAP_1),CAGTTTCAGCAAGAGTCCTGCTAAGTTAGCAAGAACTCCCC,121,0.0,0.999999539418654,4.3077902360395953e-07
381,Example 1(AGTRAP_1),CAAGAGTCCTGCTAAGTTAGCAAGAACTCCCCCATCCTTGA,122,0.0,0.9999667785384438,4.1192228143865414e-05
382,Example 1(AGTRAP_1),TCCTGCTAAGTTAGCAAGAACTCCCCCATCCTTGATGTCTC,123,0.0,0.9999999566511675,4.063953052867542e-08
383,Example 1(AGTRAP_1),CTGCTAAGTTAGCAAGAACTCCCCCATCCTTGATGTCTCCT,124,0.0,0.9999999024651267,1.1920928955078125e-07
384,Example 1(AGTRAP_1),TGCTAAGTTAGCAAGAACTCCCCCATCCTTGATGTCTCCTC,125,0.0,0.4818780611861836,0.5175051201473583
385,Example 1(AGTRAP_1),GCTAAGTTAGCAAGAACTCCCCCATCCTTGATGTCTCCTCC,126,0.0,0.9999991276047446,1.232732426036488e-06
386,Example 1(AGTRAP_1),CTAAGTTAGCAAGAACTCCCCCATCCTTGATGTCTCCTCCT,127,0.0,0.9999962882562117,4.470348358154297e-06
387,Example 1(AGTRAP_1),TAAGTTAGCAAGAACTCCCCCATCCTTGATGTCTCCTCCTA,128,0.0,0.9999347437511791,5.898963321339e-05
388,Example 1(AGTRAP_1),GTTAGCAAGAACTCCCCCATCCTTGATGTCTCCTCCTAGGA,129,0.0,0.9999996748837557,2.5467439131303266e-07
389,Example 1(AGTRAP_1),TTAGCAAGAACTCCCCCATCCTTGATGTCTCCTCCTAGGAA,130,0.0,0.9999641071666371,4.295598376880992e-05
390,Example 1(AGTRAP_1),AACTCCCCCATCCTTGATGTCTCCTCCTAGGAATCTTCCAT,131,0.0,0.9998669299212369,0.00010880015113136984
391,Example 1(AGTRAP_1),CTCCCCCATCCTTGATGTCTCCTCCTAGGAATCTTCCATTC,132,0.0,0.999999539418654,3.84720889004794e-07
392,Example 1(AGTRAP_1),TCCCCCATCCTTGATGTCTCCTCCTAGGAATCTTCCATTCC,133,0.0,0.9999999566511675,4.8767436634410514e-08
393,Example 1(AGTRAP_1),CCCCATCCTTGATGTCTCCTCCTAGGAATCTTCCATTCCTG,134,0.0,0.9999892549081282,7.995150306008078e-06
394,Example 1(AGTRAP_1),CCCATCCTTGATGTCTCCTCCTAGGAATCTTCCATTCCTGC,135,0.0,0.9999985044652765,1.240860332142223e-06
395,Example 1(AGTRAP_1),TGATGTCTCCTCCTAGGAATCTTCCATTCCTGCTCCCTCAT,136,0.0,0.9999999783255837,2.1674416281960228e-08
396,Example 1(AGTRAP_1),TGTCTCCTCCTAGGAATCTTCCATTCCTGCTCCCTCATTCT,137,0.0,0.9999825954437256,1.3684684580022639e-05
397,Example 1(AGTRAP_1),GTCTCCTCCTAGGAATCTTCCATTCCTGCTCCCTCATTCTG,138,0.0,0.9998054829510775,0.00020043145526539195
398,Example 1(AGTRAP_1),CCTCCTAGGAATCTTCCATTCCTGCTCCCTCATTCTGCTCT,139,0.0,0.9999941045587714,5.047429691661488e-06
399,Example 1(AGTRAP_1),CTCCTAGGAATCTTCCATTCCTGCTCCCTCATTCTGCTCTG,140,0.0,0.9994805997068231,0.00047420371662486684
400,Example 1(AGTRAP_1),CTAGGAATCTTCCATTCCTGCTCCCTCATTCTGCTCTGGCT,141,0.0,0.9999970251863654,4.28882512179288e-06
401,Example 1(AGTRAP_1),AGGAATCTTCCATTCCTGCTCCCTCATTCTGCTCTGGCTAT,142,0.0,0.9999949661168185,4.77920879017223e-06
402,Example 1(AGTRAP_1),GGAATCTTCCATTCCTGCTCCCTCATTCTGCTCTGGCTATA,143,0.0,0.9999930154193531,5.70579008622603e-06
403,Example 1(AGTRAP_1),GAATCTTCCATTCCTGCTCCCTCATTCTGCTCTGGCTATAA,144,0.0,0.9999998320232738,2.2487206892533737e-07
404,Example 1(AGTRAP_1),ATCTTCCATTCCTGCTCCCTCATTCTGCTCTGGCTATAAAT,145,0.0,0.6490359685637734,0.35131916945630853
405,Example 1(AGTRAP_1),TCCATTCCTGCTCCCTCATTCTGCTCTGGCTATAAATCCCT,146,0.0,0.9999997886744413,1.7610463229092685e-07
406,Example 1(AGTRAP_1),ATTCCTGCTCCCTCATTCTGCTCTGGCTATAAATCCCTCCT,147,0.0,0.9999868111176924,1.1368231339888139e-05
407,Example 1(AGTRAP_1),TCCTGCTCCCTCATTCTGCTCTGGCTATAAATCCCTCCTTG,148,0.0,0.9999972148375078,2.7011741291392934e-06
408,Example 1(AGTRAP_1),GCTCCCTCATTCTGCTCTGGCTATAAATCCCTCCTTGGTCC,149,0.0,0.9998771006410773,0.00013211369514465332
409,Example 1(AGTRAP_1),ATTCTGCTCTGGCTATAAATCCCTCCTTGGTCCTTGTTGTA,150,1.0,0.3217061920599504,0.6761997450481761
410,Example 1(AGTRAP_1),TTCTGCTCTGGCTATAAATCCCTCCTTGGTCCTTGTTGTAT,151,0.0,0.6602236411788247,0.3361760106953708
411,Example 1(AGTRAP_1),TCTGCTCTGGCTATAAATCCCTCCTTGGTCCTTGTTGTATT,152,0.0,0.48146989941596985,0.5149967968463898
412,Example 1(AGTRAP_1),TGCTCTGGCTATAAATCCCTCCTTGGTCCTTGTTGTATTCG,153,1.0,0.2570961767976934,0.7420973831957037
413,Example 1(AGTRAP_1),GCTCTGGCTATAAATCCCTCCTTGGTCCTTGTTGTATTCGG,154,0.0,0.3618844314055009,0.6359450139782645
414,Example 1(AGTRAP_1),GCTATAAATCCCTCCTTGGTCCTTGTTGTATTCGGTGTTGA,155,0.0,0.9999894120476462,9.252266450361772e-06
415,Example 1(AGTRAP_1),CTATAAATCCCTCCTTGGTCCTTGTTGTATTCGGTGTTGAG,156,0.0,0.9999726035378196,2.9013915495439008e-05
416,Example 1(AGTRAP_1),TCCTTGGTCCTTGTTGTATTCGGTGTTGAGCCCAAACTCTC,157,0.0,0.9997382976792075,0.00020442767576737836
417,Example 1(AGTRAP_1),TTGTTGTATTCGGTGTTGAGCCCAAACTCTCACTCCATGGC,158,0.0,0.9999955784190785,3.6819414658979936e-06
418,Example 1(AGTRAP_1),TGTTGTATTCGGTGTTGAGCCCAAACTCTCACTCCATGGCA,159,0.0,0.9999997832558372,1.625581221147017e-07
419,Example 1(AGTRAP_1),GTTGTATTCGGTGTTGAGCCCAAACTCTCACTCCATGGCAA,160,0.0,0.9999949769540266,4.0314414284446025e-06
420,Example 1(AGTRAP_1),TATTCGGTGTTGAGCCCAAACTCTCACTCCATGGCAATAAC,161,0.0,0.9999998482790861,1.1108138344504616e-07
421,Example 1(AGTRAP_1),TTCGGTGTTGAGCCCAAACTCTCACTCCATGGCAATAACCC,162,0.0,0.9999926632100885,7.68899917602539e-06
422,Example 1(AGTRAP_1),CGGTGTTGAGCCCAAACTCTCACTCCATGGCAATAACCCTA,163,0.0,0.9999965916980397,4.088336771184748e-06
423,Example 1(AGTRAP_1),GTGTTGAGCCCAAACTCTCACTCCATGGCAATAACCCTACA,164,0.0,0.9999999620697715,7.58604569868608e-08
424,Example 1(AGTRAP_1),GTTGAGCCCAAACTCTCACTCCATGGCAATAACCCTACAGC,165,0.0,0.9999951991167936,5.857511000199751e-06
425,Example 1(AGTRAP_1),TTGAGCCCAAACTCTCACTCCATGGCAATAACCCTACAGCA,166,0.0,0.9999956813725558,5.3725459358908916e-06
426,Example 1(AGTRAP_1),CCCAAACTCTCACTCCATGGCAATAACCCTACAGCAAGTCT,167,0.0,0.999998005953702,2.5142322887073862e-06
427,Example 1(AGTRAP_1),CTCTCACTCCATGGCAATAACCCTACAGCAAGTCTTGAACA,168,0.0,0.43020956353707746,0.568386896090074
428,Example 1(AGTRAP_1),TCTCACTCCATGGCAATAACCCTACAGCAAGTCTTGAACAG,169,0.0,0.4034698686816476,0.5949655771255493
429,Example 1(AGTRAP_1),CTCACTCCATGGCAATAACCCTACAGCAAGTCTTGAACAGT,170,0.0,0.9999998103488575,1.4088370583274148e-07
430,Example 1(AGTRAP_1),ACTCCATGGCAATAACCCTACAGCAAGTCTTGAACAGTACT,171,0.0,0.9999400106343356,4.509904167868874e-05
431,Example 1(AGTRAP_1),CCATGGCAATAACCCTACAGCAAGTCTTGAACAGTACTGGT,172,0.0,0.9999924573031339,6.887045773592862e-06
432,Example 1(AGTRAP_1),GCAATAACCCTACAGCAAGTCTTGAACAGTACTGGTTTAAC,173,0.0,0.9999719370495189,2.5784427469426934e-05
433,Example 1(AGTRAP_1),ACCCTACAGCAAGTCTTGAACAGTACTGGTTTAACAACAGT,174,0.0,0.999995925209739,4.982406442815607e-06
434,Example 1(AGTRAP_1),ACAGCAAGTCTTGAACAGTACTGGTTTAACAACAGTCCCAA,175,0.0,0.9999931779774752,5.410476164384321e-06
435,Example 1(AGTRAP_1),CTTGAACAGTACTGGTTTAACAACAGTCCCAATAACGTTTT,176,0.0,0.9960442727262323,0.0036617788401517
436,Example 1(AGTRAP_1),GAACAGTACTGGTTTAACAACAGTCCCAATAACGTTTTCTT,177,0.0,0.3748513839461587,0.6230148591778495
437,Example 1(AGTRAP_1),AGTACTGGTTTAACAACAGTCCCAATAACGTTTTCTTTAAC,178,0.0,0.999991162256761,5.6651505556973545e-06
438,Example 1(AGTRAP_1),GTACTGGTTTAACAACAGTCCCAATAACGTTTTCTTTAACA,179,1.0,0.13610014861280267,0.8630000027743253
439,Example 1(AGTRAP_1),TACTGGTTTAACAACAGTCCCAATAACGTTTTCTTTAACAA,180,0.0,0.9999949552796104,5.418604070490057e-06
440,Example 1(AGTRAP_1),TTTAACAACAGTCCCAATAACGTTTTCTTTAACAACAGCAG,181,0.0,0.9999935085123236,6.15282492204146e-06
441,Example 1(AGTRAP_1),AACAGTCCCAATAACGTTTTCTTTAACAACAGCAGTTAGCT,182,0.0,0.9997913187200372,0.00014606118202209473
442,Example 1(AGTRAP_1),CCCAATAACGTTTTCTTTAACAACAGCAGTTAGCTCATTTA,183,1.0,0.11858139796690507,0.8813205144622109
443,Example 1(AGTRAP_1),AATAACGTTTTCTTTAACAACAGCAGTTAGCTCATTTAATC,184,0.0,0.35709828951142053,0.6424726789647882
444,Example 1(AGTRAP_1),AACGTTTTCTTTAACAACAGCAGTTAGCTCATTTAATCCTC,185,0.0,0.9999839067459106,1.619620756669478e-05
445,Example 1(AGTRAP_1),TCTTTAACAACAGCAGTTAGCTCATTTAATCCTCATAAGGA,186,1.0,0.10943564772605896,0.8908948356455023
446,Example 1(AGTRAP_1),TTTAACAACAGCAGTTAGCTCATTTAATCCTCATAAGGATC,187,1.0,0.19479875672947278,0.8045593500137329
447,Example 1(AGTRAP_1),CAGCAGTTAGCTCATTTAATCCTCATAAGGATCATATGAGG,188,1.0,0.26713877374475653,0.7322525652972135
448,Example 1(AGTRAP_1),AGCAGTTAGCTCATTTAATCCTCATAAGGATCATATGAGGT,189,1.0,0.18134937503121115,0.8173261068084023
449,Example 1(AGTRAP_1),CAGTTAGCTCATTTAATCCTCATAAGGATCATATGAGGTAG,190,1.0,0.2601308416236531,0.7394686449657787
450,Example 1(AGTRAP_1),CATTTAATCCTCATAAGGATCATATGAGGTAGGTAGCCTAA,191,1.0,0.2718815234574405,0.7281361709941517
451,Example 1(AGTRAP_1),GGATCATATGAGGTAGGTAGCCTAAATAGCCCATTTACACA,192,0.0,0.9999808452346108,1.8778172406283293e-05
452,Example 1(AGTRAP_1),GATCATATGAGGTAGGTAGCCTAAATAGCCCATTTACACAG,193,1.0,0.22827015681700272,0.7710930109024048
453,Example 1(AGTRAP_1),GAGGTAGGTAGCCTAAATAGCCCATTTACACAGGGAAGTGG,194,0.0,0.9981903596357866,0.0016285045580430465
454,Example 1(AGTRAP_1),AGGTAGGTAGCCTAAATAGCCCATTTACACAGGGAAGTGGG,195,1.0,0.1153681142763658,0.8840906620025635
455,Example 1(AGTRAP_1),GGTAGGTAGCCTAAATAGCCCATTTACACAGGGAAGTGGGA,196,1.0,0.23559188571843234,0.7638925422321666
456,Example 1(AGTRAP_1),TAGCCTAAATAGCCCATTTACACAGGGAAGTGGGAAGGAGA,197,0.0,0.4129416915503415,0.5867167684164915
457,Example 1(AGTRAP_1),GCCTAAATAGCCCATTTACACAGGGAAGTGGGAAGGAGAGA,198,0.0,0.391242653131485,0.6095166477290067
458,Example 1(AGTRAP_1),AGTGGGAAGGAGAGAGGGTGCCCCCAAGGATGAGACACAAG,199,0.0,0.9999996315349232,3.332441503351385e-07
459,Example 1(AGTRAP_1),GTGGGAAGGAGAGAGGGTGCCCCCAAGGATGAGACACAAGC,200,0.0,0.9999956109307029,4.654580896550959e-06
460,Example 1(AGTRAP_1),TGGGAAGGAGAGAGGGTGCCCCCAAGGATGAGACACAAGCT,201,0.0,0.9995739730921659,0.00034389712593772197
461,Example 1(AGTRAP_1),GGGAAGGAGAGAGGGTGCCCCCAAGGATGAGACACAAGCTG,202,1.0,0.10074436122720892,0.8989910916848616
462,Example 1(AGTRAP_1),GGAAGGAGAGAGGGTGCCCCCAAGGATGAGACACAAGCTGT,203,0.0,0.9999770359559492,2.4210322986949574e-05
463,Example 1(AGTRAP_1),GGGTGCCCCCAAGGATGAGACACAAGCTGTTGCCACATCAG,204,0.0,0.9999990571628917,8.317557248202238e-07
464,Example 1(AGTRAP_1),GTGCCCCCAAGGATGAGACACAAGCTGTTGCCACATCAGCA,205,0.0,0.968421296639876,0.0334451442415064
465,Example 1(AGTRAP_1),CCCCAAGGATGAGACACAAGCTGTTGCCACATCAGCACTTT,206,1.0,0.08127581260421059,0.9185646989128806
466,Example 1(AGTRAP_1),GGATGAGACACAAGCTGTTGCCACATCAGCACTTTGCGCCT,207,0.0,0.9963311986489729,0.0033157413656061344
467,Example 1(AGTRAP_1),GATGAGACACAAGCTGTTGCCACATCAGCACTTTGCGCCTG,208,0.0,0.9999269843101501,7.333538749001242e-05
468,Example 1(AGTRAP_1),TGAGACACAAGCTGTTGCCACATCAGCACTTTGCGCCTGGA,209,0.0,0.9984492226080461,0.0016706856814297762
469,Example 1(AGTRAP_1),GACACAAGCTGTTGCCACATCAGCACTTTGCGCCTGGACGG,210,1.0,0.03910167921673168,0.961004148830067
470,Example 1(AGTRAP_1),ACAAGCTGTTGCCACATCAGCACTTTGCGCCTGGACGGTCC,211,1.0,0.21876234087077054,0.7818944345821034
471,Example 1(AGTRAP_1),AAGCTGTTGCCACATCAGCACTTTGCGCCTGGACGGTCCCC,212,0.0,0.6759251518683,0.3258402672680942
472,Example 1(AGTRAP_1),GTTGCCACATCAGCACTTTGCGCCTGGACGGTCCCCCAGTT,213,0.0,0.9999989108605818,7.260929454456676e-07
473,Example 1(AGTRAP_1),TGCCACATCAGCACTTTGCGCCTGGACGGTCCCCCAGTTGT,214,0.0,0.969177945093675,0.03284200213172219
474,Example 1(AGTRAP_1),GCCACATCAGCACTTTGCGCCTGGACGGTCCCCCAGTTGTC,215,0.0,0.9999298561703075,8.410486308011141e-05
475,Example 1(AGTRAP_1),ATCAGCACTTTGCGCCTGGACGGTCCCCCAGTTGTCCTGGC,216,0.0,0.9999917149543762,9.56925478848544e-06
476,Example 1(AGTRAP_1),GCACTTTGCGCCTGGACGGTCCCCCAGTTGTCCTGGCTGCA,217,1.0,0.07561048594388095,0.9240320162339644
477,Example 1(AGTRAP_1),CACTTTGCGCCTGGACGGTCCCCCAGTTGTCCTGGCTGCAG,218,1.0,0.37558423389088025,0.6251098351045088
478,Example 1(AGTRAP_1),ACTTTGCGCCTGGACGGTCCCCCAGTTGTCCTGGCTGCAGG,219,0.0,0.9998986016620289,0.00011176683685996316
479,Example 1(AGTRAP_1),CTTTGCGCCTGGACGGTCCCCCAGTTGTCCTGGCTGCAGGC,220,0.0,0.9999994798140093,6.448138843883168e-07
480,Example 1(AGTRAP_1),TTTGCGCCTGGACGGTCCCCCAGTTGTCCTGGCTGCAGGCA,221,0.0,0.9999402111226862,4.991888999938965e-05
481,Example 1(AGTRAP_1),CTGGACGGTCCCCCAGTTGTCCTGGCTGCAGGCAGTCCGAA,222,0.0,0.9999822269786488,1.4091079885309393e-05
482,Example 1(AGTRAP_1),TGGACGGTCCCCCAGTTGTCCTGGCTGCAGGCAGTCCGAAC,223,1.0,0.2344128354029222,0.764719919724898
483,Example 1(AGTRAP_1),CGGTCCCCCAGTTGTCCTGGCTGCAGGCAGTCCGAACAGTC,224,0.0,0.9999995014884255,7.775696841153231e-07
484,Example 1(AGTRAP_1),TCCCCCAGTTGTCCTGGCTGCAGGCAGTCCGAACAGTCCGC,225,0.0,0.9999983690001748,1.6770579598166726e-06
485,Example 1(AGTRAP_1),CCAGTTGTCCTGGCTGCAGGCAGTCCGAACAGTCCGCTTCC,226,0.0,0.99990529905666,8.544054898348722e-05
486,Example 1(AGTRAP_1),TTGTCCTGGCTGCAGGCAGTCCGAACAGTCCGCTTCCTGGA,227,0.0,0.9999964128841053,2.885406667535955e-06
487,Example 1(AGTRAP_1),TGTCCTGGCTGCAGGCAGTCCGAACAGTCCGCTTCCTGGAA,228,1.0,0.10718176581642845,0.8918043862689625
488,Example 1(AGTRAP_1),CTGGCTGCAGGCAGTCCGAACAGTCCGCTTCCTGGAATATT,229,0.0,0.9999938390471719,6.209720264781605e-06
489,Example 1(AGTRAP_1),CTGCAGGCAGTCCGAACAGTCCGCTTCCTGGAATATTAGCC,230,0.0,0.9753102335062894,0.02426224946975708
490,Example 1(AGTRAP_1),TGCAGGCAGTCCGAACAGTCCGCTTCCTGGAATATTAGCCA,231,0.0,0.999999772418629,2.682209014892578e-07
491,Example 1(AGTRAP_1),CAGGCAGTCCGAACAGTCCGCTTCCTGGAATATTAGCCAGG,232,0.0,0.9999962936748158,3.5112554376775567e-06
492,Example 1(AGTRAP_1),GCAGTCCGAACAGTCCGCTTCCTGGAATATTAGCCAGGCAG,233,0.0,0.9999990517442877,8.778138594193892e-07
493,Example 1(AGTRAP_1),CAGTCCGAACAGTCCGCTTCCTGGAATATTAGCCAGGCAGG,234,0.0,0.9999967380003496,4.1452321139248935e-06
494,Example 1(AGTRAP_1),TCCGCTTCCTGGAATATTAGCCAGGCAGGATACGCCCTGGG,235,0.0,0.9999984773722562,1.3952905481511897e-06
495,Example 1(AGTRAP_1),CCGCTTCCTGGAATATTAGCCAGGCAGGATACGCCCTGGGC,236,0.0,0.9999998862093146,1.1649998751553622e-07
496,Example 1(AGTRAP_1),TTCCTGGAATATTAGCCAGGCAGGATACGCCCTGGGCGACA,237,0.0,0.9996336752718146,0.0003880695863203569
497,Example 1(AGTRAP_1),AATATTAGCCAGGCAGGATACGCCCTGGGCGACAGAAACTC,238,0.0,0.9999955513260581,4.475766962224787e-06
498,Example 1(AGTRAP_1),TATTAGCCAGGCAGGATACGCCCTGGGCGACAGAAACTCCA,239,0.0,0.9999997615814209,2.1132555874911221e-07
499,Example 1(AGTRAP_1),ATTAGCCAGGCAGGATACGCCCTGGGCGACAGAAACTCCAA,240,0.0,0.9999991330233488,5.71662729436701e-07
500,Example 1(AGTRAP_1),TTAGCCAGGCAGGATACGCCCTGGGCGACAGAAACTCCAAC,241,0.0,0.9995626482096586,0.000542218034917658
501,Example 1(AGTRAP_1),CAGGCAGGATACGCCCTGGGCGACAGAAACTCCAACTTTCG,242,0.0,0.9999995177442377,5.147673866965554e-07
502,Example 1(AGTRAP_1),GCAGGATACGCCCTGGGCGACAGAAACTCCAACTTTCGCCA,243,0.0,0.9999995665116743,3.6846507679332385e-07
503,Example 1(AGTRAP_1),TACGCCCTGGGCGACAGAAACTCCAACTTTCGCCAGCGGCC,244,0.0,0.9999823841181669,1.1899254538796164e-05
504,Example 1(AGTRAP_1),CGCCCTGGGCGACAGAAACTCCAACTTTCGCCAGCGGCCCC,245,0.0,0.9132484143430536,0.08598913116888567
505,Example 1(AGTRAP_1),GCCCTGGGCGACAGAAACTCCAACTTTCGCCAGCGGCCCCC,246,0.0,0.4096812822602012,0.5899877710775896
506,Example 1(AGTRAP_1),CTGGGCGACAGAAACTCCAACTTTCGCCAGCGGCCCCCAAG,247,0.0,0.9999984394420277,1.6066161069003018e-06
507,Example 1(AGTRAP_1),GCGACAGAAACTCCAACTTTCGCCAGCGGCCCCCAAGTACT,248,0.0,0.9999995610930703,3.549185666170987e-07
508,Example 1(AGTRAP_1),GACAGAAACTCCAACTTTCGCCAGCGGCCCCCAAGTACTGC,249,0.0,0.9999998374418779,1.1108138344504616e-07
509,Example 1(AGTRAP_1),ACAGAAACTCCAACTTTCGCCAGCGGCCCCCAAGTACTGCC,250,0.0,0.9999999783255837,1.3546510176225142e-08
510,Example 1(AGTRAP_1),GAAACTCCAACTTTCGCCAGCGGCCCCCAAGTACTGCCTGG,251,0.0,0.30770606886256824,0.6914528418671001
511,Example 1(AGTRAP_1),ACTCCAACTTTCGCCAGCGGCCCCCAAGTACTGCCTGGGCG,252,0.0,0.9999951666051691,4.901127381758257e-06
512,Example 1(AGTRAP_1),CTCCAACTTTCGCCAGCGGCCCCCAAGTACTGCCTGGGCGG,253,1.0,0.15068792213093152,0.8478021350773898
513,Example 1(AGTRAP_1),TCCAACTTTCGCCAGCGGCCCCCAAGTACTGCCTGGGCGGT,254,0.0,0.43569414994933386,0.5640816742723639
514,Example 1(AGTRAP_1),CCAACTTTCGCCAGCGGCCCCCAAGTACTGCCTGGGCGGTG,255,0.0,0.9999991709535773,6.962906230579723e-07
515,Example 1(AGTRAP_1),CAACTTTCGCCAGCGGCCCCCAAGTACTGCCTGGGCGGTGG,256,0.0,0.9978785189715299,0.002265290780500932
516,Example 1(AGTRAP_1),TCGCCAGCGGCCCCCAAGTACTGCCTGGGCGGTGGCGGGAG,257,0.0,0.9999861771410162,1.1148777875033291e-05
517,Example 1(AGTRAP_1),CCAGCGGCCCCCAAGTACTGCCTGGGCGGTGGCGGGAGTCT,258,0.0,0.9967055049809542,0.0033435144207694316
518,Example 1(AGTRAP_1),CAGCGGCCCCCAAGTACTGCCTGGGCGGTGGCGGGAGTCTG,259,0.0,0.9999797235835682,1.6537579623135652e-05
519,Example 1(AGTRAP_1),GCCCCCAAGTACTGCCTGGGCGGTGGCGGGAGTCTGGAGCT,260,0.0,0.9999958981167186,2.8908252716064453e-06
520,Example 1(AGTRAP_1),AAGTACTGCCTGGGCGGTGGCGGGAGTCTGGAGCTTGGCTG,261,0.0,0.9994679906151511,0.00047143751924688166
521,Example 1(AGTRAP_1),GCCTGGGCGGTGGCGGGAGTCTGGAGCTTGGCTGAAGGCGC,262,0.0,0.9999999566511675,4.3348832563920456e-08
522,Example 1(AGTRAP_1),GCGGTGGCGGGAGTCTGGAGCTTGGCTGAAGGCGCGAGCTG,263,0.0,0.9999874938618053,1.4218417080965908e-05
523,Example 1(AGTRAP_1),GGCGGGAGTCTGGAGCTTGGCTGAAGGCGCGAGCTGCCGAC,264,1.0,0.23774812980131668,0.7602217739278619
524,Example 1(AGTRAP_1),GTCTGGAGCTTGGCTGAAGGCGCGAGCTGCCGACGCCGTCT,265,0.0,0.9996573383157904,0.00028378313237970525
525,Example 1(AGTRAP_1),CTGGAGCTTGGCTGAAGGCGCGAGCTGCCGACGCCGTCTCC,266,0.0,0.9999525167725303,3.913857720114968e-05
526,Example 1(AGTRAP_1),AGCTTGGCTGAAGGCGCGAGCTGCCGACGCCGTCTCCTAGC,267,0.0,0.9999999783255837,3.251162442294034e-08
527,Example 1(AGTRAP_1),TTGGCTGAAGGCGCGAGCTGCCGACGCCGTCTCCTAGCAAC,268,0.0,0.999998618255962,1.1975114995783025e-06
528,Example 1(AGTRAP_1),TGGCTGAAGGCGCGAGCTGCCGACGCCGTCTCCTAGCAACC,269,0.0,0.9999979300932451,1.4007091522216797e-06
529,Example 1(AGTRAP_1),CTGAAGGCGCGAGCTGCCGACGCCGTCTCCTAGCAACCAAG,270,0.0,0.9999999078837308,1.0566277937455611e-07
530,Example 1(AGTRAP_1),GAAGGCGCGAGCTGCCGACGCCGTCTCCTAGCAACCAAGCG,271,0.0,0.9999969059770758,2.955848520452326e-06
531,Example 1(AGTRAP_1),AAGGCGCGAGCTGCCGACGCCGTCTCCTAGCAACCAAGCGG,272,0.0,0.9999998862093146,9.482557123357599e-08
532,Example 1(AGTRAP_1),GCGCGAGCTGCCGACGCCGTCTCCTAGCAACCAAGCGGCGG,273,0.0,0.9999997995116494,1.3004649769176135e-07
533,Example 1(AGTRAP_1),GCGAGCTGCCGACGCCGTCTCCTAGCAACCAAGCGGCGGTC,274,0.0,0.9999996477907355,3.034418279474432e-07
534,Example 1(AGTRAP_1),CGAGCTGCCGACGCCGTCTCCTAGCAACCAAGCGGCGGTCA,275,0.0,0.9999583038416776,2.8111717917702414e-05
535,Example 1(AGTRAP_1),CTGCCGACGCCGTCTCCTAGCAACCAAGCGGCGGTCACGTG,276,0.0,0.9999996532093395,5.093487826260653e-07
536,Example 1(AGTRAP_1),CCGACGCCGTCTCCTAGCAACCAAGCGGCGGTCACGTGACC,277,0.0,0.5843114202672784,0.41581100767309015
537,Example 1(AGTRAP_1),CGACGCCGTCTCCTAGCAACCAAGCGGCGGTCACGTGACCC,278,0.0,0.9999978054653514,1.4846975153142756e-06
538,Example 1(AGTRAP_1),GCCGTCTCCTAGCAACCAAGCGGCGGTCACGTGACCCGCTC,279,0.0,0.9999998916279186,1.0566277937455611e-07
539,Example 1(AGTRAP_1),GTCTCCTAGCAACCAAGCGGCGGTCACGTGACCCGCTCCAG,280,0.0,0.9999971118840304,2.5223601948131216e-06
540,Example 1(AGTRAP_1),CCTAGCAACCAAGCGGCGGTCACGTGACCCGCTCCAGCCCG,281,0.0,0.9999455701221119,5.0983645699240945e-05
541,Example 1(AGTRAP_1),TAGCAACCAAGCGGCGGTCACGTGACCCGCTCCAGCCCGTT,282,0.0,0.9999995665116743,3.3595345237038354e-07
542,Example 1(AGTRAP_1),ACCAAGCGGCGGTCACGTGACCCGCTCCAGCCCGTTTCACG,283,0.0,0.999999306418679,8.615580472079191e-07
543,Example 1(AGTRAP_1),CCAAGCGGCGGTCACGTGACCCGCTCCAGCCCGTTTCACGT,284,0.0,0.9999675371430137,2.8650869022716176e-05
544,Example 1(AGTRAP_1),CAAGCGGCGGTCACGTGACCCGCTCCAGCCCGTTTCACGTG,285,0.0,0.4750571548938751,0.5254863473502073
545,Example 1(AGTRAP_1),AGCGGCGGTCACGTGACCCGCTCCAGCCCGTTTCACGTGGT,286,0.0,0.9999934760006991,5.3725459358908916e-06
546,Example 1(AGTRAP_1),CGGCGGTCACGTGACCCGCTCCAGCCCGTTTCACGTGGTCT,287,0.0,0.9999997128139843,3.0615112998268823e-07
547,Example 1(AGTRAP_1),GGCGGTCACGTGACCCGCTCCAGCCCGTTTCACGTGGTCTT,288,0.0,0.9998708150603555,0.00010359829122369939
548,Example 1(AGTRAP_1),GGTCACGTGACCCGCTCCAGCCCGTTTCACGTGGTCTTGAG,289,0.0,0.999992386861281,7.5508247722278945e-06
549,Example 1(AGTRAP_1),GTCACGTGACCCGCTCCAGCCCGTTTCACGTGGTCTTGAGT,290,0.0,0.999998769976876,1.1135231364857068e-06
550,Example 1(AGTRAP_1),TCACGTGACCCGCTCCAGCCCGTTTCACGTGGTCTTGAGTT,291,0.0,0.9999981197443876,1.5795230865478516e-06
551,Example 1(AGTRAP_1),TGACCCGCTCCAGCCCGTTTCACGTGGTCTTGAGTTAACGA,292,0.0,0.9999999891627919,8.127906105735085e-09
552,Example 1(AGTRAP_1),ACCCGCTCCAGCCCGTTTCACGTGGTCTTGAGTTAACGAAC,293,0.0,0.9999903440475464,7.393685254183683e-06
553,Example 1(AGTRAP_1),TCCAGCCCGTTTCACGTGGTCTTGAGTTAACGAACTTGGCC,294,0.0,0.785642764785073,0.21265844052488153
554,Example 2(LOC100129138_1),TGCTGAAGCCGTAGAGGCCGCACCATGTTGGTCAGGCTGGT,1,0.0,0.9999998157674616,1.815232363614169e-07
555,Example 2(LOC100129138_1),CTGAAGCCGTAGAGGCCGCACCATGTTGGTCAGGCTGGTCT,2,0.0,0.6201774992726066,0.37385899099436676
556,Example 2(LOC100129138_1),TGAAGCCGTAGAGGCCGCACCATGTTGGTCAGGCTGGTCTC,3,0.0,0.9999978759072043,2.556050625137438e-06
557,Example 2(LOC100129138_1),AGAGGCCGCACCATGTTGGTCAGGCTGGTCTCGAACTCCTG,4,0.0,0.9999905933033336,1.1644738334966446e-05
558,Example 2(LOC100129138_1),GCCGCACCATGTTGGTCAGGCTGGTCTCGAACTCCTGACCT,5,0.0,0.9998552745038812,0.00013236213390270407
